,Unnamed: 0,event.start,event.end,@timestamp,agent.ephemeral_id,destination.bytes,destination.ip,destination.mac,destination.packets,destination.port,event.duration,event.type,flow.final,flow.id,host.ip,host.mac,network.bytes,network.community_id,network.packets,network.transport,network.type,source.bytes,source.ip,source.mac,source.packets,source.port,Binary
0,596,153,148,29,0,1,0,0,1,79,192,0,0,137,1,1,1,29,1,0,0,0,0,0,0,405,0
1,596,153,148,29,0,1,0,0,1,380,76,0,0,137,1,1,1,29,1,0,0,0,0,0,0,13,0
2,596,153,148,29,0,1,0,0,1,392,137,0,0,137,1,1,1,29,1,0,0,0,0,0,0,319,0
3,439,129,122,14,0,0,0,0,0,1,0,0,0,37,1,1,0,34,0,0,0,0,0,0,0,555,1
4,24,24,23,0,0,0,0,0,0,74,0,1,1,30,1,1,0,83,0,0,0,0,0,0,0,399,1
5,596,153,148,29,0,1,0,0,1,388,100,0,0,137,1,1,1,29,1,0,0,0,0,0,0,445,0
6,503,136,129,15,0,0,0,0,0,8,0,0,0,58,1,1,0,144,0,0,0,0,0,0,0,102,1
7,596,153,148,29,0,1,0,0,1,288,133,0,0,137,1,1,1,29,1,0,0,0,0,0,0,592,0
8,596,153,148,29,0,1,0,0,1,88,171,0,0,137,1,1,1,29,1,0,0,0,0,0,0,141,0
9,539,141,134,15,0,0,0,0,0,13,14,0,0,70,1,1,2,132,1,0,0,1,0,0,1,481,1
10,73,42,40,3,0,0,0,0,0,92,0,1,1,28,1,1,0,107,0,0,0,0,0,0,0,314,1
11,596,153,148,29,0,1,0,0,1,310,110,0,0,137,1,1,1,29,1,0,0,0,0,0,0,294,0
12,596,153,148,29,0,1,0,0,1,203,96,0,0,137,1,1,1,29,1,0,0,0,0,0,0,110,0
13,596,153,148,29,0,1,0,0,1,181,136,0,0,137,1,1,1,29,1,0,0,0,0,0,0,330,0
14,450,130,123,14,0,0,0,0,0,2,0,0,0,105,1,1,0,59,0,0,0,0,0,0,0,52,1
15,596,153,148,29,0,1,0,0,1,148,62,0,0,137,1,1,1,29,1,0,0,0,0,0,0,373,0
16,596,153,148,29,0,1,0,0,1,194,158,0,0,137,1,1,1,29,1,0,0,0,0,0,0,473,0
17,123,54,51,2,0,0,0,0,0,104,0,0,0,80,1,1,0,152,0,0,0,0,0,0,0,439,1
18,410,119,113,8,0,0,0,0,0,169,0,0,0,97,1,1,0,27,0,0,0,0,0,0,0,100,1
19,596,153,148,29,0,1,0,0,1,153,74,0,0,137,1,1,1,29,1,0,0,0,0,0,0,72,0
20,596,153,148,29,0,1,0,0,1,93,240,0,0,137,1,1,1,29,1,0,0,0,0,0,0,510,0
21,596,153,148,29,0,1,0,0,1,348,71,0,0,137,1,1,1,29,1,0,0,0,0,0,0,465,0
22,398,115,109,7,0,0,0,0,0,165,0,0,0,104,1,1,0,80,0,0,0,0,0,0,0,377,1
23,596,153,148,29,0,1,0,0,1,373,139,0,0,137,1,1,1,29,1,0,0,0,0,0,0,561,0
24,544,141,134,13,0,0,0,0,0,13,14,0,0,70,1,1,2,132,1,0,0,1,0,0,1,481,1
25,596,153,148,29,0,1,0,0,1,399,78,0,0,137,1,1,1,29,1,0,0,0,0,0,0,63,1
26,596,153,148,29,0,1,0,0,1,119,81,0,0,137,1,1,1,29,1,0,0,0,0,0,0,307,0
27,300,91,86,8,0,0,0,0,0,141,0,0,0,148,1,1,0,93,0,0,0,0,0,0,0,101,1
28,13,13,12,0,0,0,0,0,0,63,0,1,1,29,1,1,0,13,0,0,0,0,0,0,0,50,1
29,313,94,89,7,0,0,0,0,0,144,0,0,0,51,1,1,0,128,0,0,0,0,0,0,0,37,1
30,204,70,66,3,0,0,0,0,0,120,0,0,0,92,1,1,0,73,0,0,0,0,0,0,0,331,1
31,596,153,148,29,0,1,0,0,1,155,57,0,0,137,1,1,1,29,1,0,0,0,0,0,0,162,0
32,18,18,17,0,0,0,0,0,0,68,0,1,1,67,1,1,0,66,0,0,0,0,0,0,0,315,1
33,426,127,120,7,0,0,0,0,0,177,0,0,0,116,1,1,0,111,0,0,0,0,0,0,0,332,1
34,514,138,131,15,0,0,0,0,0,10,0,0,0,143,1,1,0,10,0,0,0,0,0,0,0,378,1
35,308,93,88,7,0,0,0,0,0,143,0,0,0,142,1,1,0,78,0,0,0,0,0,0,0,121,1
36,596,153,148,29,0,1,0,0,1,260,43,0,0,137,1,1,1,29,1,0,0,0,0,0,0,59,0
37,596,153,148,29,0,1,0,0,1,402,42,0,0,137,1,1,1,29,1,0,0,0,0,0,0,17,0
38,28,28,27,0,0,0,0,0,0,78,0,1,1,48,1,1,0,112,0,0,0,0,0,0,0,596,0
39,421,125,118,8,0,0,0,0,0,175,0,0,0,86,1,1,0,11,0,0,0,0,0,0,0,458,1
40,507,137,130,16,0,0,0,0,0,9,0,1,1,150,1,1,0,143,0,0,0,0,0,0,0,106,1
41,596,153,148,29,0,1,0,0,1,399,78,0,0,137,1,1,1,29,1,0,0,0,0,0,0,63,0
42,488,134,127,14,0,0,0,0,0,6,0,0,0,69,1,1,0,46,0,0,0,0,0,0,0,34,1
43,596,153,148,29,0,1,0,0,1,411,149,0,0,137,1,1,1,29,1,0,0,0,0,0,0,571,0
44,99,48,45,0,0,0,0,0,0,98,0,0,0,132,1,1,0,4,0,0,0,0,0,0,0,105,1
45,129,56,53,1,0,0,0,0,0,106,0,0,0,77,1,1,0,138,0,0,0,0,0,0,0,146,1
46,26,26,25,0,1,2,0,0,2,76,50,0,0,153,0,0,4,151,4,0,0,2,0,0,2,335,0
47,596,153,148,29,0,1,0,0,1,466,75,0,0,137,1,1,1,29,1,0,0,0,0,0,0,351,0
48,596,153,148,29,0,1,0,0,1,132,55,0,0,137,1,1,1,29,1,0,0,0,0,0,0,443,0
49,596,153,148,29,0,1,0,0,1,19,193,0,0,137,1,1,1,29,1,0,0,0,0,0,0,389,0
50,195,69,65,2,0,0,0,0,0,119,0,0,0,74,1,1,0,64,0,0,0,0,0,0,0,355,1
51,230,75,71,4,0,0,0,0,0,125,0,0,0,64,1,1,0,109,0,0,0,0,0,0,0,145,1
52,167,64,60,2,0,0,0,0,0,114,0,0,0,103,1,1,0,113,0,0,0,0,0,0,0,163,1
53,596,153,148,29,0,1,0,0,1,64,82,0,0,137,1,1,1,29,1,0,0,0,0,0,0,342,0
54,69,41,39,3,0,0,0,0,0,91,0,1,1,127,1,1,0,97,0,0,0,0,0,0,0,507,0
55,522,139,132,15,0,0,0,0,0,11,0,0,0,128,1,1,0,74,0,0,0,0,0,0,0,218,1
56,596,153,148,29,0,1,0,0,1,73,170,0,0,137,1,1,1,29,1,0,0,0,0,0,0,139,0
57,210,71,67,4,0,0,0,0,0,121,0,0,0,83,1,1,0,48,0,0,0,0,0,0,0,421,1
58,596,153,148,29,0,1,0,0,1,446,84,0,0,137,1,1,1,29,1,0,0,0,0,0,0,390,0
59,596,153,148,29,0,1,0,0,1,96,28,0,0,137,1,1,1,29,1,0,0,0,0,0,0,329,0
60,596,153,148,29,0,1,0,0,1,81,182,0,0,137,1,1,1,29,1,0,0,0,0,0,0,268,0
61,596,153,148,29,0,1,0,0,1,106,176,0,0,137,1,1,1,29,1,0,0,0,0,0,0,185,0
62,92,46,43,1,0,0,0,0,0,96,0,0,0,73,1,1,0,95,0,0,0,0,0,0,0,79,1
63,13,13,12,0,0,0,0,0,0,63,0,1,1,29,1,1,0,13,0,0,0,0,0,0,0,50,1
64,224,74,70,5,0,0,0,0,0,124,0,0,0,126,1,1,0,68,0,0,0,0,0,0,0,482,1
65,596,153,148,29,0,1,0,0,1,292,200,0,0,137,1,1,1,29,1,0,0,0,0,0,0,155,0
66,596,153,148,29,0,1,0,0,1,60,81,0,0,137,1,1,1,29,1,0,0,0,0,0,0,18,0
67,596,153,148,29,0,1,0,0,1,22,132,0,0,137,1,1,1,29,1,0,0,0,0,0,0,344,0
68,8,8,7,0,0,0,0,0,0,58,0,1,1,18,1,1,0,122,0,0,0,0,0,0,0,259,1
69,596,153,148,29,0,1,0,0,1,154,66,0,0,137,1,1,1,29,1,0,0,0,0,0,0,587,0
70,596,153,148,29,0,1,0,0,1,267,69,0,0,137,1,1,1,29,1,0,0,0,0,0,0,309,0
71,260,82,78,4,0,0,0,0,0,132,0,0,0,21,1,1,0,0,0,0,0,0,0,0,0,21,1
72,596,153,148,29,0,1,0,0,1,29,75,0,0,137,1,1,1,29,1,0,0,0,0,0,0,322,0
73,133,57,54,3,0,0,0,0,0,107,0,1,1,65,1,1,0,133,0,0,0,0,0,0,0,240,1
74,160,63,59,5,0,0,0,0,0,113,0,0,0,20,1,1,0,140,0,0,0,0,0,0,0,485,1
75,66,40,38,1,0,0,0,0,0,90,0,0,0,45,1,1,0,103,0,0,0,0,0,0,0,144,1
76,114,52,49,2,0,0,0,0,0,102,0,0,0,4,1,1,0,77,0,0,0,0,0,0,0,56,1
77,181,66,62,1,0,0,0,0,0,116,0,0,0,35,1,1,0,69,0,0,0,0,0,0,0,300,1
78,477,133,126,16,0,0,0,0,0,5,0,1,1,113,1,1,0,91,0,0,0,0,0,0,0,148,1
79,596,153,148,29,0,1,0,0,1,219,128,0,0,137,1,1,1,29,1,0,0,0,0,0,0,165,0
80,596,153,148,29,0,1,0,0,1,252,62,0,0,137,1,1,1,29,1,0,0,0,0,0,0,325,0
81,26,26,25,0,1,2,0,0,2,76,50,0,0,153,0,0,4,151,4,0,0,2,0,0,2,335,0
82,596,153,148,29,0,1,0,0,1,197,40,0,0,137,1,1,1,29,1,0,0,0,0,0,0,363,0
83,35,32,31,0,0,0,0,0,0,82,0,0,0,54,1,1,0,52,0,0,0,0,0,0,0,598,1
84,5,5,4,0,0,0,0,0,0,55,0,1,1,109,1,1,0,94,0,0,0,0,0,0,0,504,1
85,370,107,101,7,0,0,0,0,0,157,0,0,0,133,1,1,0,135,0,0,0,0,0,0,0,401,1
86,595,153,148,29,0,0,0,0,0,10,0,0,0,137,1,1,0,29,0,0,0,0,0,0,0,379,1
87,596,153,148,29,0,1,0,0,1,21,76,0,0,137,1,1,1,29,1,0,0,0,0,0,0,324,0
88,37,33,32,3,0,0,0,0,0,83,0,1,1,130,1,1,0,43,0,0,0,0,0,0,0,358,1
89,133,57,54,3,0,0,0,0,0,107,0,1,1,65,1,1,0,133,0,0,0,0,0,0,0,240,1
90,456,131,124,16,0,0,0,0,0,3,0,1,1,39,1,1,0,137,0,0,0,0,0,0,0,572,1
91,409,119,113,7,0,0,0,0,0,169,0,0,0,97,1,1,0,27,0,0,0,0,0,0,0,100,1
92,596,153,148,29,0,1,0,0,1,156,79,0,0,137,1,1,1,29,1,0,0,0,0,0,0,73,0
93,596,153,148,29,0,1,0,0,1,386,114,0,0,137,1,1,1,29,1,0,0,0,0,0,0,477,0
94,309,93,88,8,0,0,0,0,0,143,0,0,0,142,1,1,0,78,0,0,0,0,0,0,0,121,1
95,100,48,45,1,0,0,0,0,0,98,0,0,0,132,1,1,0,4,0,0,0,0,0,0,0,105,1
96,371,107,101,5,0,0,0,0,0,157,0,0,0,133,1,1,0,135,0,0,0,0,0,0,0,401,1
97,596,153,148,29,0,1,0,0,1,383,71,0,0,137,1,1,1,29,1,0,0,0,0,0,0,257,0
98,596,153,148,29,0,1,0,0,1,470,77,0,0,137,1,1,1,29,1,0,0,0,0,0,0,284,0
99,582,146,141,29,0,0,0,0,0,3,0,0,0,42,1,1,0,86,0,0,0,0,0,0,0,573,1
100,32,31,30,3,0,0,0,0,0,81,0,1,1,34,1,1,0,12,0,0,0,0,0,0,0,219,1
101,596,153,148,29,0,1,0,0,1,47,115,0,0,137,1,1,1,29,1,0,0,0,0,0,0,478,0
102,159,63,59,2,0,0,0,0,0,113,0,0,0,20,1,1,0,140,0,0,0,0,0,0,0,485,1
103,56,37,35,0,0,0,0,0,0,87,0,0,0,47,1,1,0,130,0,0,0,0,0,0,0,336,1
104,596,153,148,29,0,1,0,0,1,59,65,0,0,137,1,1,1,29,1,0,0,0,0,0,0,494,0
105,596,153,148,29,0,1,0,0,1,188,64,0,0,137,1,1,1,29,1,0,0,0,0,0,0,329,0
106,76,42,40,0,0,0,0,0,0,92,0,0,0,28,1,1,0,107,0,0,0,0,0,0,0,314,1
107,386,111,105,6,0,0,0,0,0,161,0,0,0,101,1,1,0,23,0,0,0,0,0,0,0,455,1
108,504,136,129,16,0,0,0,0,0,8,0,1,1,58,1,1,0,144,0,0,0,0,0,0,0,102,1
109,596,153,148,29,0,1,0,0,1,382,74,0,0,137,1,1,1,29,1,0,0,0,0,0,0,491,0
110,449,130,123,15,0,0,0,0,0,2,0,0,0,105,1,1,0,59,0,0,0,0,0,0,0,52,1
111,596,153,148,29,0,1,0,0,1,437,225,0,0,137,1,1,1,29,1,0,0,0,0,0,0,382,0
112,521,139,132,16,0,0,0,0,0,11,0,1,1,128,1,1,0,74,0,0,0,0,0,0,0,218,1
113,499,136,129,14,0,0,0,0,0,8,0,0,0,58,1,1,0,144,0,0,0,0,0,0,0,102,1
114,596,153,148,29,0,1,0,0,1,367,72,0,0,137,1,1,1,29,1,0,0,0,0,0,0,130,0
115,596,153,148,29,0,1,0,0,1,272,141,0,0,137,1,1,1,29,1,0,0,0,0,0,0,264,0
116,596,153,148,29,0,1,0,0,1,136,32,0,0,137,1,1,1,29,1,0,0,0,0,0,0,297,0
117,135,58,55,1,0,0,0,0,0,108,8,0,0,147,1,1,2,25,1,0,0,1,0,0,1,281,1
118,26,26,25,0,1,2,0,0,2,76,50,0,0,153,0,0,4,151,4,0,0,2,0,0,2,335,0
119,596,153,148,29,0,1,0,0,1,352,239,0,0,137,1,1,1,29,1,0,0,0,0,0,0,312,0
120,91,46,43,0,0,0,0,0,0,96,0,0,0,73,1,1,0,95,0,0,0,0,0,0,0,79,1
121,596,153,148,29,0,1,0,0,1,399,78,0,0,137,1,1,1,29,1,0,0,0,0,0,0,63,0
122,145,60,56,2,0,0,0,0,0,110,0,0,0,138,1,1,0,106,0,0,0,0,0,0,0,480,1
123,596,153,148,29,0,1,0,0,1,211,148,0,0,137,1,1,1,29,1,0,0,0,0,0,0,577,0
124,596,153,148,29,0,1,0,0,1,123,99,0,0,137,1,1,1,29,1,0,0,0,0,0,0,524,0
125,518,138,131,13,0,0,0,0,0,10,0,0,0,143,1,1,0,10,0,0,0,0,0,0,0,378,1
126,385,111,105,8,0,0,0,0,0,161,0,0,0,101,1,1,0,23,0,0,0,0,0,0,0,455,1
127,596,153,148,29,0,1,0,0,1,77,198,0,0,137,1,1,1,29,1,0,0,0,0,0,0,459,0
128,427,128,121,11,0,0,0,0,0,0,121,1,1,120,1,1,8,60,5,0,0,6,0,0,5,23,1
129,596,153,148,29,0,1,0,0,1,360,76,0,0,137,1,1,1,29,1,0,0,0,0,0,0,125,0
130,596,153,148,29,0,1,0,0,1,199,82,0,0,137,1,1,1,29,1,0,0,0,0,0,0,108,0
131,29,29,28,0,0,0,0,0,0,79,0,1,1,111,1,1,0,2,0,0,0,0,0,0,0,454,1
132,596,153,148,29,0,1,0,0,1,151,154,0,0,137,1,1,1,29,1,0,0,0,0,0,0,364,0
133,596,153,148,29,0,1,0,0,1,447,54,0,0,137,1,1,1,29,1,0,0,0,0,0,0,230,0
134,596,153,148,29,0,1,0,0,1,257,67,0,0,137,1,1,1,29,1,0,0,0,0,0,0,388,0
135,406,118,112,7,0,0,0,0,0,168,0,0,0,40,1,1,0,147,0,0,0,0,0,0,0,334,1
136,596,153,148,29,0,1,0,0,1,18,202,0,0,137,1,1,1,29,1,0,0,0,0,0,0,9,0
137,596,153,148,29,0,1,0,0,1,412,117,0,0,137,1,1,1,29,1,0,0,0,0,0,0,321,0
138,407,118,112,8,0,0,0,0,0,168,0,0,0,40,1,1,0,147,0,0,0,0,0,0,0,334,1
139,596,153,148,29,0,1,0,0,1,268,167,0,0,137,1,1,1,29,1,0,0,0,0,0,0,402,0
140,596,153,148,29,0,1,0,0,1,98,221,0,0,137,1,1,1,29,1,0,0,0,0,0,0,97,0
141,596,153,148,29,0,1,0,0,1,318,64,0,0,137,1,1,1,29,1,0,0,0,0,0,0,128,0
142,11,11,10,0,0,0,0,0,0,61,0,1,1,90,1,1,0,129,0,0,0,0,0,0,0,437,1
143,513,138,131,14,0,0,0,0,0,10,0,0,0,143,1,1,0,10,0,0,0,0,0,0,0,378,0
144,231,76,72,5,0,0,0,0,0,126,0,0,0,135,1,1,0,85,0,0,0,0,0,0,0,119,1
145,596,153,148,29,0,1,0,0,1,205,214,0,0,137,1,1,1,29,1,0,0,0,0,0,0,173,0
146,57,38,36,1,0,0,0,0,0,88,0,0,0,134,1,1,0,110,0,0,0,0,0,0,0,39,1
147,209,71,67,5,0,0,0,0,0,121,0,0,0,83,1,1,0,48,0,0,0,0,0,0,0,421,1
148,41,34,33,3,0,0,0,0,0,84,0,1,1,62,1,1,0,50,0,0,0,0,0,0,0,438,1
149,175,65,61,4,0,0,0,0,0,115,0,0,0,98,1,1,0,55,0,0,0,0,0,0,0,217,1
150,229,75,71,2,0,0,0,0,0,125,0,0,0,64,1,1,0,109,0,0,0,0,0,0,0,145,1
151,469,132,125,15,0,0,0,0,0,4,0,0,0,10,1,1,0,82,0,0,0,0,0,0,0,435,1
152,596,153,148,29,0,1,0,0,1,189,147,0,0,137,1,1,1,29,1,0,0,0,0,0,0,252,0
153,596,153,148,29,0,1,0,0,1,55,113,0,0,137,1,1,1,29,1,0,0,0,0,0,0,545,0
154,111,51,48,1,0,0,0,0,0,101,0,0,0,108,1,1,0,58,0,0,0,0,0,0,0,551,1
155,105,50,47,1,0,0,0,0,0,100,0,0,0,119,1,1,0,47,0,0,0,0,0,0,0,278,1
156,596,153,148,29,0,1,0,0,1,455,18,0,0,137,1,1,1,29,1,0,0,0,0,0,0,461,0
157,596,153,148,29,0,1,0,0,1,324,53,0,0,137,1,1,1,29,1,0,0,0,0,0,0,133,0
158,596,153,148,29,0,1,0,0,1,353,216,0,0,137,1,1,1,29,1,0,0,0,0,0,0,48,0
159,79,43,41,2,0,0,0,0,0,93,0,0,0,87,1,1,0,62,0,0,0,0,0,0,0,597,1
160,333,98,93,6,0,0,0,0,0,148,0,0,0,125,1,1,0,17,0,0,0,0,0,0,0,20,1
161,596,153,148,29,0,1,0,0,1,204,153,0,0,137,1,1,1,29,1,0,0,0,0,0,0,429,0
162,596,153,148,29,0,1,0,0,1,97,224,0,0,137,1,1,1,29,1,0,0,0,0,0,0,255,0
163,393,114,108,7,0,0,0,0,0,164,0,0,0,151,1,1,0,146,0,0,0,0,0,0,0,241,1
164,550,142,134,13,0,0,0,0,0,14,0,0,0,8,1,1,0,21,0,0,0,0,0,0,0,356,1
165,596,153,148,29,0,1,0,0,1,330,76,0,0,137,1,1,1,29,1,0,0,0,0,0,0,417,0
166,201,70,66,4,0,0,0,0,0,120,0,0,0,92,1,1,0,73,0,0,0,0,0,0,0,331,1
167,596,153,148,29,0,1,0,0,1,223,62,0,0,137,1,1,1,29,1,0,0,0,0,0,0,371,0
168,242,78,74,4,0,0,0,0,0,128,0,0,0,33,1,1,0,5,0,0,0,0,0,0,0,192,1
169,63,39,37,1,0,0,0,0,0,89,0,0,0,139,1,1,0,101,0,0,0,0,0,0,0,333,1
170,137,58,55,3,0,0,0,0,0,108,8,1,1,147,1,1,2,25,1,0,0,1,0,0,1,281,1
171,316,95,90,5,0,0,0,0,0,145,0,0,0,32,1,1,0,92,0,0,0,0,0,0,0,484,1
172,59,38,36,0,0,0,0,0,0,88,0,0,0,134,1,1,0,110,0,0,0,0,0,0,0,39,1
173,596,153,148,29,0,1,0,0,1,407,215,0,0,137,1,1,1,29,1,0,0,0,0,0,0,64,0
174,596,153,148,29,0,1,0,0,1,291,91,0,0,137,1,1,1,29,1,0,0,0,0,0,0,47,0
175,284,88,83,3,0,0,0,0,0,138,0,0,0,44,1,1,0,24,0,0,0,0,0,0,0,420,1
176,432,128,121,9,0,0,0,0,0,0,121,0,0,120,1,1,8,60,5,0,0,6,0,0,5,23,1
177,366,106,100,8,0,0,0,0,0,156,0,0,0,93,1,1,0,108,0,0,0,0,0,0,0,193,1
178,57,38,36,1,0,0,0,0,0,88,0,0,0,134,1,1,0,110,0,0,0,0,0,0,0,39,1
179,295,90,85,6,0,0,0,0,0,140,0,0,0,22,1,1,0,118,0,0,0,0,0,0,0,77,1
180,596,153,148,29,0,1,0,0,1,462,79,0,0,137,1,1,1,29,1,0,0,0,0,0,0,126,0
181,596,153,148,29,0,1,0,0,1,458,24,0,0,137,1,1,1,29,1,0,0,0,0,0,0,581,0
182,549,142,134,14,0,0,0,0,0,14,0,0,0,8,1,1,0,21,0,0,0,0,0,0,0,356,1
183,539,141,134,15,0,0,0,0,0,13,14,0,0,70,1,1,2,132,1,0,0,1,0,0,1,481,1
184,322,96,91,6,0,0,0,0,0,146,0,0,0,100,1,1,0,141,0,0,0,0,0,0,0,22,1
185,194,68,64,4,0,0,0,0,0,118,0,0,0,57,1,1,0,20,0,0,0,0,0,0,0,239,1
186,596,153,148,29,0,1,0,0,1,118,150,0,0,137,1,1,1,29,1,0,0,0,0,0,0,404,0
187,55,37,35,3,0,0,0,0,0,87,0,1,1,47,1,1,0,130,0,0,0,0,0,0,0,336,1
188,192,68,64,6,0,0,0,0,0,118,0,1,1,57,1,1,0,20,0,0,0,0,0,0,0,239,1
189,210,71,67,4,0,0,0,0,0,121,0,0,0,83,1,1,0,48,0,0,0,0,0,0,0,421,1
190,190,68,64,1,0,0,0,0,0,118,0,0,0,57,1,1,0,20,0,0,0,0,0,0,0,239,1
191,136,58,55,2,0,0,0,0,0,108,8,0,0,147,1,1,2,25,1,0,0,1,0,0,1,281,1
192,87,45,43,3,0,0,0,0,0,95,9,1,1,141,1,1,2,145,1,0,0,1,0,0,1,82,1
193,10,10,9,0,0,0,0,0,0,60,0,1,1,85,1,1,0,127,0,0,0,0,0,0,0,38,1
194,12,12,11,0,0,0,0,0,0,62,0,1,1,9,1,1,0,26,0,0,0,0,0,0,0,356,1
195,596,153,148,29,0,1,0,0,1,220,80,0,0,137,1,1,1,29,1,0,0,0,0,0,0,293,0
196,495,135,128,15,0,0,0,0,0,7,0,0,0,12,1,1,0,19,0,0,0,0,0,0,0,380,1
197,115,52,49,0,0,0,0,0,0,102,0,0,0,4,1,1,0,77,0,0,0,0,0,0,0,56,1
198,596,153,148,29,0,1,0,0,1,18,202,0,0,137,1,1,1,29,1,0,0,0,0,0,0,9,0
199,596,153,148,29,0,1,0,0,1,113,77,0,0,137,1,1,1,29,1,0,0,0,0,0,0,129,0
200,596,153,148,29,0,1,0,0,1,423,105,0,0,137,1,1,1,29,1,0,0,0,0,0,0,286,0
201,45,35,34,2,0,0,0,0,0,85,7,0,0,96,1,1,2,105,1,0,0,1,0,0,1,7,1
202,422,125,118,7,0,0,0,0,0,175,0,0,0,86,1,1,0,11,0,0,0,0,0,0,0,458,1
203,388,112,106,8,0,0,0,0,0,162,0,0,0,41,1,1,0,63,0,0,0,0,0,0,0,122,1
204,596,153,148,29,0,1,0,0,1,236,76,0,0,137,1,1,1,29,1,0,0,0,0,0,0,520,0
205,596,153,148,29,0,1,0,0,1,281,78,0,0,137,1,1,1,29,1,0,0,0,0,0,0,366,0
206,376,108,102,6,0,0,0,0,0,158,0,0,0,123,1,1,0,115,0,0,0,0,0,0,0,104,1
207,404,117,111,8,0,0,0,0,0,167,0,0,0,24,1,1,0,18,0,0,0,0,0,0,0,216,1
208,596,153,148,29,0,1,0,0,1,253,76,0,0,137,1,1,1,29,1,0,0,0,0,0,0,469,0
209,371,107,101,5,0,0,0,0,0,157,0,0,0,133,1,1,0,135,0,0,0,0,0,0,0,401,0
210,534,140,133,13,0,0,0,0,0,12,0,0,0,5,1,1,0,150,0,0,0,0,0,0,0,316,1
211,596,153,148,29,0,1,0,0,1,319,86,0,0,137,1,1,1,29,1,0,0,0,0,0,0,576,0
212,16,16,15,0,0,0,0,0,0,66,0,1,1,131,1,1,0,30,0,0,0,0,0,0,0,298,1
213,51,36,34,3,0,0,0,0,0,86,0,1,1,27,1,1,0,45,0,0,0,0,0,0,0,237,1
214,355,103,97,6,0,0,0,0,0,153,0,0,0,31,1,1,0,54,0,0,0,0,0,0,0,456,1
215,317,95,90,8,0,0,0,0,0,145,0,0,0,32,1,1,0,92,0,0,0,0,0,0,0,484,1
216,596,153,148,29,0,1,0,0,1,103,125,0,0,137,1,1,1,29,1,0,0,0,0,0,0,26,0
217,389,112,106,6,0,0,0,0,0,162,0,0,0,41,1,1,0,63,0,0,0,0,0,0,0,122,1
218,475,133,126,15,0,0,0,0,0,5,0,0,0,113,1,1,0,91,0,0,0,0,0,0,0,148,1
219,472,132,125,12,0,0,0,0,0,4,0,0,0,10,1,1,0,82,0,0,0,0,0,0,0,435,0
220,596,153,148,29,0,1,0,0,1,320,86,0,0,137,1,1,1,29,1,0,0,0,0,0,0,302,0
221,205,70,66,5,0,0,0,0,0,120,0,0,0,92,1,1,0,73,0,0,0,0,0,0,0,331,1
222,433,129,122,14,0,0,0,0,0,1,0,0,0,37,1,1,0,34,0,0,0,0,0,0,0,555,1
223,544,141,134,13,0,0,0,0,0,13,14,0,0,70,1,1,2,132,1,0,0,1,0,0,1,481,0
224,596,153,148,29,0,1,0,0,1,69,213,0,0,137,1,1,1,29,1,0,0,0,0,0,0,156,0
225,596,153,148,29,0,1,0,0,1,315,84,0,0,137,1,1,1,29,1,0,0,0,0,0,0,499,0
226,596,153,148,29,0,1,0,0,1,328,95,0,0,137,1,1,1,29,1,0,0,0,0,0,0,580,0
227,349,102,96,8,0,0,0,0,0,152,0,0,0,89,1,1,0,22,0,0,0,0,0,0,0,354,1
228,596,153,148,29,0,1,0,0,1,342,64,0,0,137,1,1,1,29,1,0,0,0,0,0,0,345,0
229,596,153,148,29,0,1,0,0,1,56,184,0,0,137,1,1,1,29,1,0,0,0,0,0,0,207,0
230,596,153,148,29,0,1,0,0,1,469,82,0,0,137,1,1,1,29,1,0,0,0,0,0,0,523,0
231,483,134,127,16,0,0,0,0,0,6,0,1,1,69,1,1,0,46,0,0,0,0,0,0,0,34,1
232,21,21,20,0,0,0,0,0,0,71,0,1,1,146,1,1,0,134,0,0,0,0,0,0,0,483,1
233,185,67,63,5,0,0,0,0,0,117,0,0,0,145,1,1,0,89,0,0,0,0,0,0,0,147,0
234,381,110,104,6,0,0,0,0,0,160,0,0,0,118,1,1,0,40,0,0,0,0,0,0,0,55,1
235,596,153,148,29,0,1,0,0,1,307,200,0,0,137,1,1,1,29,1,0,0,0,0,0,0,247,0
236,278,86,82,6,0,0,0,0,0,136,0,1,1,121,1,1,0,53,0,0,0,0,0,0,0,279,1
237,541,141,134,14,0,0,0,0,0,13,14,0,0,70,1,1,2,132,1,0,0,1,0,0,1,481,1
238,569,143,138,24,0,0,0,0,0,0,122,0,0,122,1,1,8,90,5,0,0,6,0,0,5,24,1
239,46,35,34,3,0,0,0,0,0,85,7,1,1,96,1,1,2,105,1,0,0,1,0,0,1,7,1
240,586,148,143,29,0,0,0,0,0,5,0,0,0,106,1,1,0,16,0,0,0,0,0,0,0,149,1
241,363,105,99,7,0,0,0,0,0,155,0,0,0,91,1,1,0,65,0,0,0,0,0,0,0,508,1
242,596,153,148,29,0,1,0,0,1,290,115,0,0,137,1,1,1,29,1,0,0,0,0,0,0,157,0
243,459,131,124,14,0,0,0,0,0,3,0,0,0,39,1,1,0,137,0,0,0,0,0,0,0,572,1
244,596,153,148,29,0,1,0,0,1,445,153,0,0,137,1,1,1,29,1,0,0,0,0,0,0,361,0
245,596,153,148,29,0,1,0,0,1,436,207,0,0,137,1,1,1,29,1,0,0,0,0,0,0,263,0
246,596,153,148,29,0,1,0,0,1,15,183,0,0,137,1,1,1,29,1,0,0,0,0,0,0,540,0
247,101,49,46,0,0,0,0,0,0,99,0,0,0,53,1,1,0,104,0,0,0,0,0,0,0,457,1
248,484,134,127,16,0,0,0,0,0,6,0,1,1,69,1,1,0,46,0,0,0,0,0,0,0,34,1
249,490,135,128,16,0,0,0,0,0,7,0,1,1,12,1,1,0,19,0,0,0,0,0,0,0,380,1
250,250,79,75,5,0,0,0,0,0,129,0,0,0,114,1,1,0,123,0,0,0,0,0,0,0,148,1
251,354,103,97,5,0,0,0,0,0,153,0,0,0,31,1,1,0,54,0,0,0,0,0,0,0,456,1
252,596,153,148,29,0,1,0,0,1,120,61,0,0,137,1,1,1,29,1,0,0,0,0,0,0,546,0
253,596,153,148,29,0,1,0,0,1,273,91,0,0,137,1,1,1,29,1,0,0,0,0,0,0,4,0
254,584,147,142,29,0,0,0,0,0,4,0,0,0,13,1,1,0,9,0,0,0,0,0,0,0,436,1
255,256,81,77,4,0,0,0,0,0,131,0,0,0,112,1,1,0,148,0,0,0,0,0,0,0,440,1
256,553,143,138,27,0,0,0,0,0,0,122,1,1,122,1,1,8,90,5,0,0,6,0,0,5,24,1
257,596,153,148,29,0,1,0,0,1,80,226,0,0,137,1,1,1,29,1,0,0,0,0,0,0,223,0
258,178,66,62,5,0,0,0,0,0,116,0,0,0,35,1,1,0,69,0,0,0,0,0,0,0,300,1
259,596,153,148,29,0,1,0,0,1,124,82,0,0,137,1,1,1,29,1,0,0,0,0,0,0,425,0
260,596,153,148,29,0,1,0,0,1,163,93,0,0,137,1,1,1,29,1,0,0,0,0,0,0,427,0
261,596,153,148,29,0,1,0,0,1,82,189,0,0,137,1,1,1,29,1,0,0,0,0,0,0,579,0
262,327,97,92,5,0,0,0,0,0,147,0,0,0,43,1,1,0,61,0,0,0,0,0,0,0,120,1
263,596,153,148,29,0,1,0,0,1,146,73,0,0,137,1,1,1,29,1,0,0,0,0,0,0,202,0
264,265,83,79,5,0,0,0,0,0,133,0,0,0,66,1,1,0,117,0,0,0,0,0,0,0,374,1
265,460,131,124,13,0,0,0,0,0,3,0,0,0,39,1,1,0,137,0,0,0,0,0,0,0,572,1
266,53,37,35,1,0,0,0,0,0,87,0,0,0,47,1,1,0,130,0,0,0,0,0,0,0,336,1
267,596,153,148,29,0,1,0,0,1,418,219,0,0,137,1,1,1,29,1,0,0,0,0,0,0,161,0
268,596,153,148,29,0,1,0,0,1,427,116,0,0,137,1,1,1,29,1,0,0,0,0,0,0,479,0
269,385,111,105,8,0,0,0,0,0,161,0,0,0,101,1,1,0,23,0,0,0,0,0,0,0,455,1
270,201,70,66,4,0,0,0,0,0,120,0,0,0,92,1,1,0,73,0,0,0,0,0,0,0,331,1
271,120,53,50,0,0,0,0,0,0,103,0,0,0,11,1,1,0,1,0,0,0,0,0,0,0,506,1
272,166,64,60,1,0,0,0,0,0,114,0,0,0,103,1,1,0,113,0,0,0,0,0,0,0,163,1
273,596,153,148,29,0,1,0,0,1,358,101,0,0,137,1,1,1,29,1,0,0,0,0,0,0,183,0
274,596,153,148,29,0,1,0,0,1,157,78,0,0,137,1,1,1,29,1,0,0,0,0,0,0,509,0
275,320,95,90,6,0,0,0,0,0,145,0,0,0,32,1,1,0,92,0,0,0,0,0,0,0,484,1
276,596,153,148,29,0,1,0,0,1,102,112,0,0,137,1,1,1,29,1,0,0,0,0,0,0,64,0
277,361,105,99,5,0,0,0,0,0,155,0,0,0,91,1,1,0,65,0,0,0,0,0,0,0,508,1
278,40,33,32,2,0,0,0,0,0,83,0,0,0,130,1,1,0,43,0,0,0,0,0,0,0,358,1
279,596,153,148,29,0,1,0,0,1,256,65,0,0,137,1,1,1,29,1,0,0,0,0,0,0,531,0
280,371,107,101,5,0,0,0,0,0,157,0,0,0,133,1,1,0,135,0,0,0,0,0,0,0,401,1
281,313,94,89,7,0,0,0,0,0,144,0,0,0,51,1,1,0,128,0,0,0,0,0,0,0,37,1
282,132,57,54,2,0,0,0,0,0,107,0,0,0,65,1,1,0,133,0,0,0,0,0,0,0,240,1
283,439,129,122,14,0,0,0,0,0,1,0,0,0,37,1,1,0,34,0,0,0,0,0,0,0,555,1
284,596,153,148,29,0,1,0,0,1,401,85,0,0,137,1,1,1,29,1,0,0,0,0,0,0,328,0
285,596,153,148,29,0,1,0,0,1,145,91,0,0,137,1,1,1,29,1,0,0,0,0,0,0,426,0
286,496,135,128,13,0,0,0,0,0,7,0,0,0,12,1,1,0,19,0,0,0,0,0,0,0,380,1
287,596,153,148,29,0,1,0,0,1,346,67,0,0,137,1,1,1,29,1,0,0,0,0,0,0,29,0
288,596,153,148,29,0,1,0,0,1,332,58,0,0,137,1,1,1,29,1,0,0,0,0,0,0,419,0
289,593,152,147,29,0,0,0,0,0,9,0,0,0,144,1,1,0,35,0,0,0,0,0,0,0,107,0
290,456,131,124,16,0,0,0,0,0,3,0,1,1,39,1,1,0,137,0,0,0,0,0,0,0,572,0
291,438,129,122,15,0,0,0,0,0,1,0,0,0,37,1,1,0,34,0,0,0,0,0,0,0,555,1
292,554,143,136,19,0,0,0,0,0,0,35,0,0,122,1,1,4,90,3,0,0,4,0,0,3,24,0
293,19,19,18,0,0,0,0,0,0,69,0,1,1,95,1,1,0,3,0,0,0,0,0,0,0,487,1
294,596,153,148,29,0,1,0,0,1,210,133,0,0,137,1,1,1,29,1,0,0,0,0,0,0,171,0
295,106,50,47,2,0,0,0,0,0,100,0,0,0,119,1,1,0,47,0,0,0,0,0,0,0,278,1
296,188,67,63,6,0,0,0,0,0,117,0,1,1,145,1,1,0,89,0,0,0,0,0,0,0,147,1
297,596,153,148,29,0,1,0,0,1,417,128,0,0,137,1,1,1,29,1,0,0,0,0,0,0,538,0
298,419,124,117,8,0,0,0,0,0,174,0,0,0,129,1,1,0,88,0,0,0,0,0,0,0,81,1
299,596,153,148,29,0,1,0,0,1,18,202,0,0,137,1,1,1,29,1,0,0,0,0,0,0,9,0
300,566,143,137,22,0,0,0,0,0,0,47,0,0,122,1,1,6,90,4,0,0,5,0,0,4,24,1
301,596,153,148,29,0,1,0,0,1,24,80,0,0,137,1,1,1,29,1,0,0,0,0,0,0,434,0
302,574,143,138,27,0,0,0,0,0,0,122,1,1,122,1,1,8,90,5,0,0,6,0,0,5,24,1
303,596,153,148,29,0,1,0,0,1,160,37,0,0,137,1,1,1,29,1,0,0,0,0,0,0,232,0
304,542,141,134,14,0,0,0,0,0,13,14,0,0,70,1,1,2,132,1,0,0,1,0,0,1,481,1
305,596,153,148,29,0,1,0,0,1,337,6,0,0,137,1,1,1,29,1,0,0,0,0,0,0,564,0
306,505,137,130,14,0,0,0,0,0,9,0,0,0,150,1,1,0,143,0,0,0,0,0,0,0,106,1
307,213,72,68,3,0,0,0,0,0,122,0,0,0,49,1,1,0,149,0,0,0,0,0,0,0,19,1
308,27,27,26,0,0,0,0,0,0,77,0,1,1,84,1,1,0,116,0,0,0,0,0,0,0,36,1
309,596,153,148,29,0,1,0,0,1,370,142,0,0,137,1,1,1,29,1,0,0,0,0,0,0,43,0
310,596,153,148,29,0,1,0,0,1,180,73,0,0,137,1,1,1,29,1,0,0,0,0,0,0,46,0
311,440,129,122,12,0,0,0,0,0,1,0,0,0,37,1,1,0,34,0,0,0,0,0,0,0,555,1
312,342,100,95,8,0,0,0,0,0,150,11,0,0,72,1,1,2,70,1,0,0,1,0,0,1,118,1
313,596,153,148,29,0,1,0,0,1,230,67,0,0,137,1,1,1,29,1,0,0,0,0,0,0,408,0
314,596,153,148,29,0,1,0,0,1,375,54,0,0,137,1,1,1,29,1,0,0,0,0,0,0,415,0
315,264,83,79,4,0,0,0,0,0,133,0,0,0,66,1,1,0,117,0,0,0,0,0,0,0,374,1
316,365,106,100,7,0,0,0,0,0,156,0,0,0,93,1,1,0,108,0,0,0,0,0,0,0,193,1
317,596,153,148,29,0,1,0,0,1,467,148,0,0,137,1,1,1,29,1,0,0,0,0,0,0,112,0
318,216,73,69,2,0,0,0,0,0,123,0,0,0,56,1,1,0,38,0,0,0,0,0,0,0,397,1
319,575,144,139,28,0,0,0,0,0,1,0,0,0,38,1,1,0,57,0,0,0,0,0,0,0,556,1
320,489,135,128,15,0,0,0,0,0,7,0,0,0,12,1,1,0,19,0,0,0,0,0,0,0,380,1
321,526,139,132,16,0,0,0,0,0,11,0,1,1,128,1,1,0,74,0,0,0,0,0,0,0,218,1
322,512,137,130,14,0,0,0,0,0,9,0,0,0,150,1,1,0,143,0,0,0,0,0,0,0,106,1
323,403,117,111,6,0,0,0,0,0,167,0,0,0,24,1,1,0,18,0,0,0,0,0,0,0,216,1
324,596,153,148,29,0,1,0,0,1,51,97,0,0,137,1,1,1,29,1,0,0,0,0,0,0,11,0
325,596,153,148,29,0,1,0,0,1,141,78,0,0,137,1,1,1,29,1,0,0,0,0,0,0,226,0
326,596,153,148,29,0,1,0,0,1,422,120,0,0,137,1,1,1,29,1,0,0,0,0,0,0,235,0
327,122,54,51,0,0,0,0,0,0,104,0,0,0,80,1,1,0,152,0,0,0,0,0,0,0,439,1
328,596,153,148,29,0,1,0,0,1,287,73,0,0,137,1,1,1,29,1,0,0,0,0,0,0,301,0
329,596,153,148,29,0,1,0,0,1,17,232,0,0,137,1,1,1,29,1,0,0,0,0,0,0,495,0
330,359,104,98,5,0,0,0,0,0,154,0,0,0,75,1,1,0,100,0,0,0,0,0,0,0,574,1
331,596,153,148,29,0,1,0,0,1,432,51,0,0,137,1,1,1,29,1,0,0,0,0,0,0,463,0
332,596,153,148,29,0,1,0,0,1,446,84,0,0,137,1,1,1,29,1,0,0,0,0,0,0,390,0
333,44,34,33,1,0,0,0,0,0,84,0,0,0,62,1,1,0,50,0,0,0,0,0,0,0,438,1
334,596,153,148,29,0,1,0,0,1,297,215,0,0,137,1,1,1,29,1,0,0,0,0,0,0,62,0
335,596,153,148,29,0,1,0,0,1,295,92,0,0,137,1,1,1,29,1,0,0,0,0,0,0,76,0
336,486,134,127,13,0,0,0,0,0,6,0,0,0,69,1,1,0,46,0,0,0,0,0,0,0,34,1
337,360,104,98,7,0,0,0,0,0,154,0,0,0,75,1,1,0,100,0,0,0,0,0,0,0,574,1
338,596,153,148,29,0,1,0,0,1,274,74,0,0,137,1,1,1,29,1,0,0,0,0,0,0,346,0
339,596,153,148,29,0,1,0,0,1,289,36,0,0,137,1,1,1,29,1,0,0,0,0,0,0,326,0
340,523,139,132,15,0,0,0,0,0,11,0,0,0,128,1,1,0,74,0,0,0,0,0,0,0,218,1
341,33,32,31,3,0,0,0,0,0,82,0,1,1,54,1,1,0,52,0,0,0,0,0,0,0,598,1
342,151,61,57,4,0,0,0,0,0,111,0,0,0,117,1,1,0,84,0,0,0,0,0,0,0,277,1
343,464,132,125,16,0,0,0,0,0,4,0,1,1,10,1,1,0,82,0,0,0,0,0,0,0,435,1
344,26,26,25,0,1,2,0,0,2,76,50,0,0,153,0,0,4,151,4,0,0,2,0,0,2,335,0
345,596,153,148,29,0,1,0,0,1,369,117,0,0,137,1,1,1,29,1,0,0,0,0,0,0,492,0
346,596,153,148,29,0,1,0,0,1,57,64,0,0,137,1,1,1,29,1,0,0,0,0,0,0,503,0
347,432,128,121,9,0,0,0,0,0,0,121,0,0,120,1,1,8,60,5,0,0,6,0,0,5,23,1
348,240,77,73,6,0,0,0,0,0,127,0,1,1,107,1,1,0,49,0,0,0,0,0,0,0,276,1
349,508,137,130,15,0,0,0,0,0,9,0,0,0,150,1,1,0,143,0,0,0,0,0,0,0,106,1
350,243,78,74,2,0,0,0,0,0,128,0,0,0,33,1,1,0,5,0,0,0,0,0,0,0,192,1
351,249,79,75,6,0,0,0,0,0,129,0,1,1,114,1,1,0,123,0,0,0,0,0,0,0,148,1
352,152,61,57,5,0,0,0,0,0,111,0,0,0,117,1,1,0,84,0,0,0,0,0,0,0,277,1
353,596,153,148,29,0,1,0,0,1,391,80,0,0,137,1,1,1,29,1,0,0,0,0,0,0,489,0
354,568,143,137,20,0,0,0,0,0,0,47,0,0,122,1,1,6,90,4,0,0,5,0,0,4,24,1
355,596,153,148,29,0,1,0,0,1,31,39,0,0,137,1,1,1,29,1,0,0,0,0,0,0,541,0
356,596,153,148,29,0,1,0,0,1,171,151,0,0,137,1,1,1,29,1,0,0,0,0,0,0,591,0
357,323,96,91,4,0,0,0,0,0,146,0,0,0,100,1,1,0,141,0,0,0,0,0,0,0,22,1
358,596,153,148,29,0,1,0,0,1,37,45,0,0,137,1,1,1,29,1,0,0,0,0,0,0,182,0
359,596,153,148,29,0,1,0,0,1,266,95,0,0,137,1,1,1,29,1,0,0,0,0,0,0,529,0
360,531,140,133,13,0,0,0,0,0,12,0,0,0,5,1,1,0,150,0,0,0,0,0,0,0,316,1
361,596,153,148,29,0,1,0,0,1,17,232,0,0,137,1,1,1,29,1,0,0,0,0,0,0,495,0
362,596,153,148,29,0,1,0,0,1,33,79,0,0,137,1,1,1,29,1,0,0,0,0,0,0,369,0
363,62,39,37,3,0,0,0,0,0,89,0,1,1,139,1,1,0,101,0,0,0,0,0,0,0,333,1
364,596,153,148,29,0,1,0,0,1,349,166,0,0,137,1,1,1,29,1,0,0,0,0,0,0,93,0
365,596,153,148,29,0,1,0,0,1,331,147,0,0,137,1,1,1,29,1,0,0,0,0,0,0,168,0
366,596,153,148,29,0,1,0,0,1,377,145,0,0,137,1,1,1,29,1,0,0,0,0,0,0,250,0
367,286,88,83,4,0,0,0,0,0,138,0,0,0,44,1,1,0,24,0,0,0,0,0,0,0,420,1
368,596,153,148,29,0,1,0,0,1,237,82,0,0,137,1,1,1,29,1,0,0,0,0,0,0,200,0
369,596,153,148,29,0,1,0,0,1,49,204,0,0,137,1,1,1,29,1,0,0,0,0,0,0,501,0
370,423,126,119,7,0,0,0,0,0,176,0,0,0,99,1,1,0,31,0,0,0,0,0,0,0,54,1
371,596,153,148,29,0,1,0,0,1,87,234,0,0,137,1,1,1,29,1,0,0,0,0,0,0,544,0
372,596,153,148,29,0,0,0,0,0,10,0,0,0,137,1,1,0,29,0,0,0,0,0,0,0,379,1
373,283,88,83,5,0,0,0,0,0,138,0,0,0,44,1,1,0,24,0,0,0,0,0,0,0,420,1
374,391,113,107,8,0,0,0,0,0,163,0,0,0,15,1,1,0,8,0,0,0,0,0,0,0,554,1
375,596,153,148,29,0,1,0,0,1,183,87,0,0,137,1,1,1,29,1,0,0,0,0,0,0,45,0
376,95,47,44,1,0,0,0,0,0,97,0,0,0,23,1,1,0,102,0,0,0,0,0,0,0,453,1
377,596,153,148,29,0,1,0,0,1,41,91,0,0,137,1,1,1,29,1,0,0,0,0,0,0,211,0
378,472,132,125,12,0,0,0,0,0,4,0,0,0,10,1,1,0,82,0,0,0,0,0,0,0,435,1
379,596,153,148,29,0,1,0,0,1,247,83,0,0,137,1,1,1,29,1,0,0,0,0,0,0,251,0
380,381,110,104,6,0,0,0,0,0,160,0,0,0,118,1,1,0,40,0,0,0,0,0,0,0,55,0
381,596,153,148,29,0,1,0,0,1,128,79,0,0,137,1,1,1,29,1,0,0,0,0,0,0,432,0
382,596,153,148,29,0,1,0,0,1,302,23,0,0,137,1,1,1,29,1,0,0,0,0,0,0,30,1
383,596,153,148,29,0,1,0,0,1,428,158,0,0,137,1,1,1,29,1,0,0,0,0,0,0,291,0
384,596,153,148,29,0,1,0,0,1,314,156,0,0,137,1,1,1,29,1,0,0,0,0,0,0,12,0
385,596,153,148,29,0,1,0,0,1,161,93,0,0,137,1,1,1,29,1,0,0,0,0,0,0,519,0
386,116,52,49,3,0,0,0,0,0,102,0,1,1,4,1,1,0,77,0,0,0,0,0,0,0,56,1
387,290,89,84,4,0,0,0,0,0,139,0,0,0,3,1,1,0,79,0,0,0,0,0,0,0,398,1
388,596,153,148,29,0,1,0,0,1,284,238,0,0,137,1,1,1,29,1,0,0,0,0,0,0,68,0
389,281,87,83,6,0,0,0,0,0,137,10,1,1,61,1,1,2,71,1,0,0,1,0,0,1,525,1
390,235,76,72,2,0,0,0,0,0,126,0,0,0,135,1,1,0,85,0,0,0,0,0,0,0,119,1
391,257,81,77,6,0,0,0,0,0,131,0,1,1,112,1,1,0,148,0,0,0,0,0,0,0,440,1
392,538,141,134,16,0,0,0,0,0,13,14,1,1,70,1,1,2,132,1,0,0,1,0,0,1,481,1
393,596,153,148,29,0,1,0,0,1,261,59,0,0,137,1,1,1,29,1,0,0,0,0,0,0,383,0
394,596,153,148,29,0,1,0,0,1,397,88,0,0,137,1,1,1,29,1,0,0,0,0,0,0,475,0
395,596,153,148,29,0,1,0,0,1,35,160,0,0,137,1,1,1,29,1,0,0,0,0,0,0,567,0
396,346,101,95,8,0,0,0,0,0,151,0,0,0,26,1,1,0,114,0,0,0,0,0,0,0,553,1
397,596,153,148,29,0,1,0,0,1,350,168,0,0,137,1,1,1,29,1,0,0,0,0,0,0,274,0
398,356,103,97,8,0,0,0,0,0,153,0,0,0,31,1,1,0,54,0,0,0,0,0,0,0,456,1
399,596,153,148,29,0,1,0,0,1,248,69,0,0,137,1,1,1,29,1,0,0,0,0,0,0,516,0
400,588,149,144,29,0,0,0,0,0,6,0,0,0,79,1,1,0,120,0,0,0,0,0,0,0,35,1
401,334,98,93,7,0,0,0,0,0,148,0,0,0,125,1,1,0,17,0,0,0,0,0,0,0,20,1
402,596,153,148,29,0,1,0,0,1,390,77,0,0,137,1,1,1,29,1,0,0,0,0,0,0,258,0
403,596,153,148,29,0,1,0,0,1,241,57,0,0,137,1,1,1,29,1,0,0,0,0,0,0,347,0
404,525,139,132,14,0,0,0,0,0,11,0,0,0,128,1,1,0,74,0,0,0,0,0,0,0,218,1
405,272,85,81,5,0,0,0,0,0,135,0,0,0,25,1,1,0,75,0,0,0,0,0,0,0,375,1
406,384,111,105,7,0,0,0,0,0,161,0,0,0,101,1,1,0,23,0,0,0,0,0,0,0,455,1
407,596,153,148,29,0,1,0,0,1,311,75,0,0,137,1,1,1,29,1,0,0,0,0,0,0,548,0
408,596,153,148,29,0,1,0,0,1,461,81,0,0,137,1,1,1,29,1,0,0,0,0,0,0,203,0
409,39,33,32,1,0,0,0,0,0,83,0,0,0,130,1,1,0,43,0,0,0,0,0,0,0,358,1
410,67,40,38,3,0,0,0,0,0,90,0,1,1,45,1,1,0,103,0,0,0,0,0,0,0,144,1
411,596,153,148,29,0,1,0,0,1,440,186,0,0,137,1,1,1,29,1,0,0,0,0,0,0,209,0
412,583,147,142,29,0,0,0,0,0,4,0,0,0,13,1,1,0,9,0,0,0,0,0,0,0,436,1
413,196,69,65,5,0,0,0,0,0,119,0,0,0,74,1,1,0,64,0,0,0,0,0,0,0,355,1
414,438,129,122,15,0,0,0,0,0,1,0,0,0,37,1,1,0,34,0,0,0,0,0,0,0,555,1
415,596,153,148,29,0,1,0,0,1,75,180,0,0,137,1,1,1,29,1,0,0,0,0,0,0,311,0
416,20,20,19,0,0,0,0,0,0,70,0,1,1,50,1,1,0,36,0,0,0,0,0,0,0,260,1
417,480,133,126,16,0,0,0,0,0,5,0,1,1,113,1,1,0,91,0,0,0,0,0,0,0,148,1
418,455,131,124,16,0,0,0,0,0,3,0,1,1,39,1,1,0,137,0,0,0,0,0,0,0,572,1
419,596,153,148,29,0,1,0,0,1,420,164,0,0,137,1,1,1,29,1,0,0,0,0,0,0,550,0
420,302,92,87,4,0,0,0,0,0,142,0,0,0,17,1,1,0,153,0,0,0,0,0,0,0,575,1
421,596,153,148,29,0,1,0,0,1,441,131,0,0,137,1,1,1,29,1,0,0,0,0,0,0,349,0
422,411,120,114,7,0,0,0,0,0,170,0,0,0,94,1,1,0,44,0,0,0,0,0,0,0,80,1
423,572,143,138,25,0,0,0,0,0,0,122,0,0,122,1,1,8,90,5,0,0,6,0,0,5,24,1
424,596,153,148,29,0,1,0,0,1,122,126,0,0,137,1,1,1,29,1,0,0,0,0,0,0,213,0
425,172,65,61,2,0,0,0,0,0,115,0,0,0,98,1,1,0,55,0,0,0,0,0,0,0,217,1
426,367,106,100,5,0,0,0,0,0,156,0,0,0,93,1,1,0,108,0,0,0,0,0,0,0,193,1
427,138,59,55,1,0,0,0,0,0,109,0,0,0,76,1,1,0,51,0,0,0,0,0,0,0,238,1
428,596,153,148,29,0,1,0,0,1,403,30,0,0,137,1,1,1,29,1,0,0,0,0,0,0,1,0
429,577,144,139,29,0,0,0,0,0,1,0,0,0,38,1,1,0,57,0,0,0,0,0,0,0,556,1
430,304,92,87,5,0,0,0,0,0,142,0,0,0,17,1,1,0,153,0,0,0,0,0,0,0,575,1
431,596,153,148,29,0,1,0,0,1,351,17,0,0,137,1,1,1,29,1,0,0,0,0,0,0,61,0
432,456,131,124,16,0,0,0,0,0,3,0,1,1,39,1,1,0,137,0,0,0,0,0,0,0,572,1
433,516,138,131,14,0,0,0,0,0,10,0,0,0,143,1,1,0,10,0,0,0,0,0,0,0,378,1
434,571,143,138,26,0,0,0,0,0,0,122,0,0,122,1,1,8,90,5,0,0,6,0,0,5,24,1
435,596,153,148,29,0,1,0,0,1,329,71,0,0,137,1,1,1,29,1,0,0,0,0,0,0,569,0
436,259,82,78,3,0,0,0,0,0,132,0,0,0,21,1,1,0,0,0,0,0,0,0,0,0,21,1
437,596,153,148,29,0,1,0,0,1,126,2,0,0,137,1,1,1,29,1,0,0,0,0,0,0,532,0
438,558,143,135,17,0,0,0,0,0,0,187,0,0,122,1,1,3,90,2,0,0,3,0,0,2,24,1
439,383,110,104,8,0,0,0,0,0,160,0,0,0,118,1,1,0,40,0,0,0,0,0,0,0,55,1
440,596,153,148,29,0,1,0,0,1,213,179,0,0,137,1,1,1,29,1,0,0,0,0,0,0,395,0
441,596,153,148,29,0,1,0,0,1,226,72,0,0,137,1,1,1,29,1,0,0,0,0,0,0,91,0
442,596,153,148,29,0,1,0,0,1,395,105,0,0,137,1,1,1,29,1,0,0,0,0,0,0,88,0
443,148,61,57,1,0,0,0,0,0,111,0,0,0,117,1,1,0,84,0,0,0,0,0,0,0,277,1
444,596,153,148,29,0,1,0,0,1,19,193,0,0,137,1,1,1,29,1,0,0,0,0,0,0,389,0
445,546,142,134,14,0,0,0,0,0,14,0,0,0,8,1,1,0,21,0,0,0,0,0,0,0,356,1
446,596,153,148,29,0,1,0,0,1,165,85,0,0,137,1,1,1,29,1,0,0,0,0,0,0,187,0
447,470,132,125,16,0,0,0,0,0,4,0,1,1,10,1,1,0,82,0,0,0,0,0,0,0,435,1
448,596,153,148,29,0,1,0,0,1,312,94,0,0,137,1,1,1,29,1,0,0,0,0,0,0,160,0
449,68,40,38,2,0,0,0,0,0,90,0,0,0,45,1,1,0,103,0,0,0,0,0,0,0,144,1
450,383,110,104,8,0,0,0,0,0,160,0,0,0,118,1,1,0,40,0,0,0,0,0,0,0,55,1
451,596,153,148,29,0,1,0,0,1,449,75,0,0,137,1,1,1,29,1,0,0,0,0,0,0,535,0
452,42,34,33,2,0,0,0,0,0,84,0,0,0,62,1,1,0,50,0,0,0,0,0,0,0,438,1
453,562,143,135,17,0,0,0,0,0,0,187,0,0,122,1,1,3,90,2,0,0,3,0,0,2,24,1
454,371,107,101,5,0,0,0,0,0,157,0,0,0,133,1,1,0,135,0,0,0,0,0,0,0,401,1
455,430,128,121,10,0,0,0,0,0,0,121,0,0,120,1,1,8,60,5,0,0,6,0,0,5,23,1
456,452,130,123,12,0,0,0,0,0,2,0,0,0,105,1,1,0,59,0,0,0,0,0,0,0,52,1
457,47,35,34,1,0,0,0,0,0,85,7,0,0,96,1,1,2,105,1,0,0,1,0,0,1,7,1
458,180,66,62,3,0,0,0,0,0,116,0,0,0,35,1,1,0,69,0,0,0,0,0,0,0,300,1
459,596,153,148,29,0,1,0,0,1,196,82,0,0,137,1,1,1,29,1,0,0,0,0,0,0,360,0
460,543,141,134,13,0,0,0,0,0,13,14,0,0,70,1,1,2,132,1,0,0,1,0,0,1,481,1
461,596,153,148,29,0,1,0,0,1,275,90,0,0,137,1,1,1,29,1,0,0,0,0,0,0,15,0
462,330,97,92,6,0,0,0,0,0,147,0,0,0,43,1,1,0,61,0,0,0,0,0,0,0,120,1
463,596,153,148,29,0,1,0,0,1,451,72,0,0,137,1,1,1,29,1,0,0,0,0,0,0,411,0
464,22,22,21,0,0,0,0,0,0,72,0,1,1,52,1,1,0,126,0,0,0,0,0,0,0,357,1
465,462,131,124,14,0,0,0,0,0,3,0,0,0,39,1,1,0,137,0,0,0,0,0,0,0,572,1
466,233,76,72,3,0,0,0,0,0,126,0,0,0,135,1,1,0,85,0,0,0,0,0,0,0,119,1
467,596,153,148,29,0,1,0,0,1,38,165,0,0,137,1,1,1,29,1,0,0,0,0,0,0,282,0
468,509,137,130,15,0,0,0,0,0,9,0,0,0,150,1,1,0,143,0,0,0,0,0,0,0,106,0
469,438,129,122,15,0,0,0,0,0,1,0,0,0,37,1,1,0,34,0,0,0,0,0,0,0,555,1
470,596,153,148,29,0,1,0,0,1,18,202,0,0,137,1,1,1,29,1,0,0,0,0,0,0,9,0
471,473,133,126,15,0,0,0,0,0,5,0,0,0,113,1,1,0,91,0,0,0,0,0,0,0,148,1
472,142,60,56,6,0,0,0,0,0,110,0,1,1,138,1,1,0,106,0,0,0,0,0,0,0,480,1
473,222,74,70,6,0,0,0,0,0,124,0,1,1,126,1,1,0,68,0,0,0,0,0,0,0,482,1
474,468,132,125,12,0,0,0,0,0,4,0,0,0,10,1,1,0,82,0,0,0,0,0,0,0,435,1
475,596,153,148,29,0,1,0,0,1,193,134,0,0,137,1,1,1,29,1,0,0,0,0,0,0,172,0
476,275,86,82,3,0,0,0,0,0,136,0,0,0,121,1,1,0,53,0,0,0,0,0,0,0,279,1
477,471,132,125,13,0,0,0,0,0,4,0,0,0,10,1,1,0,82,0,0,0,0,0,0,0,435,1
478,593,152,147,29,0,0,0,0,0,9,0,0,0,144,1,1,0,35,0,0,0,0,0,0,0,107,1
479,516,138,131,14,0,0,0,0,0,10,0,0,0,143,1,1,0,10,0,0,0,0,0,0,0,378,1
480,480,133,126,16,0,0,0,0,0,5,0,1,1,113,1,1,0,91,0,0,0,0,0,0,0,148,1
481,165,64,60,3,0,0,0,0,0,114,0,0,0,103,1,1,0,113,0,0,0,0,0,0,0,163,1
482,596,153,148,29,0,1,0,0,1,65,48,0,0,137,1,1,1,29,1,0,0,0,0,0,0,590,0
483,596,153,148,29,0,1,0,0,1,117,84,0,0,137,1,1,1,29,1,0,0,0,0,0,0,67,0
484,71,41,39,0,0,0,0,0,0,91,0,0,0,127,1,1,0,97,0,0,0,0,0,0,0,507,1
485,596,153,148,29,0,1,0,0,1,105,57,0,0,137,1,1,1,29,1,0,0,0,0,0,0,262,0
486,596,153,148,29,0,1,0,0,1,269,56,0,0,137,1,1,1,29,1,0,0,0,0,0,0,266,0
487,72,41,39,1,0,0,0,0,0,91,0,0,0,127,1,1,0,97,0,0,0,0,0,0,0,507,1
488,338,99,94,8,0,0,0,0,0,149,0,0,0,82,1,1,0,99,0,0,0,0,0,0,0,376,1
489,255,81,77,5,0,0,0,0,0,131,0,0,0,112,1,1,0,148,0,0,0,0,0,0,0,440,1
490,505,137,130,14,0,0,0,0,0,9,0,0,0,150,1,1,0,143,0,0,0,0,0,0,0,106,1
491,540,141,134,16,0,0,0,0,0,13,14,1,1,70,1,1,2,132,1,0,0,1,0,0,1,481,1
492,64,39,37,0,0,0,0,0,0,89,0,0,0,139,1,1,0,101,0,0,0,0,0,0,0,333,1
493,151,61,57,4,0,0,0,0,0,111,0,0,0,117,1,1,0,84,0,0,0,0,0,0,0,277,1
494,74,42,40,2,0,0,0,0,0,92,0,0,0,28,1,1,0,107,0,0,0,0,0,0,0,314,1
495,596,153,148,29,0,1,0,0,1,419,148,0,0,137,1,1,1,29,1,0,0,0,0,0,0,65,0
496,596,153,148,29,0,1,0,0,1,345,126,0,0,137,1,1,1,29,1,0,0,0,0,0,0,536,0
497,73,42,40,3,0,0,0,0,0,92,0,1,1,28,1,1,0,107,0,0,0,0,0,0,0,314,0
498,596,153,148,29,0,1,0,0,1,152,152,0,0,137,1,1,1,29,1,0,0,0,0,0,0,447,0
499,596,153,148,29,0,1,0,0,1,465,59,0,0,137,1,1,1,29,1,0,0,0,0,0,0,115,0
500,596,153,148,29,0,1,0,0,1,27,150,0,0,137,1,1,1,29,1,0,0,0,0,0,0,451,0
501,280,87,83,4,0,0,0,0,0,137,10,0,0,61,1,1,2,71,1,0,0,1,0,0,1,525,1
502,596,153,148,29,0,1,0,0,1,52,107,0,0,137,1,1,1,29,1,0,0,0,0,0,0,464,0
503,548,142,134,16,0,0,0,0,0,14,0,1,1,8,1,1,0,21,0,0,0,0,0,0,0,356,1
504,596,153,148,29,0,1,0,0,1,43,3,0,0,137,1,1,1,29,1,0,0,0,0,0,0,267,0
505,416,122,116,8,0,0,0,0,0,172,0,0,0,19,1,1,0,6,0,0,0,0,0,0,0,526,1
506,103,49,46,1,0,0,0,0,0,99,0,0,0,53,1,1,0,104,0,0,0,0,0,0,0,457,1
507,36,32,31,1,0,0,0,0,0,82,0,0,0,54,1,1,0,52,0,0,0,0,0,0,0,598,1
508,498,136,129,16,0,0,0,0,0,8,0,1,1,58,1,1,0,144,0,0,0,0,0,0,0,102,1
509,515,138,131,16,0,0,0,0,0,10,0,1,1,143,1,1,0,10,0,0,0,0,0,0,0,378,1
510,560,143,138,23,0,0,0,0,0,0,122,0,0,122,1,1,8,90,5,0,0,6,0,0,5,24,1
511,596,153,148,29,0,1,0,0,1,276,129,0,0,137,1,1,1,29,1,0,0,0,0,0,0,339,0
512,43,34,33,0,0,0,0,0,0,84,0,0,0,62,1,1,0,50,0,0,0,0,0,0,0,438,1
513,596,153,148,29,0,1,0,0,1,339,235,0,0,137,1,1,1,29,1,0,0,0,0,0,0,2,0
514,596,153,148,29,0,1,0,0,1,186,58,0,0,137,1,1,1,29,1,0,0,0,0,0,0,320,0
515,596,153,148,29,0,1,0,0,1,357,161,0,0,137,1,1,1,29,1,0,0,0,0,0,0,365,0
516,596,153,148,29,0,1,0,0,1,387,155,0,0,137,1,1,1,29,1,0,0,0,0,0,0,412,0
517,289,89,84,5,0,0,0,0,0,139,0,0,0,3,1,1,0,79,0,0,0,0,0,0,0,398,1
518,316,95,90,5,0,0,0,0,0,145,0,0,0,32,1,1,0,92,0,0,0,0,0,0,0,484,1
519,77,43,41,0,0,0,0,0,0,93,0,0,0,87,1,1,0,62,0,0,0,0,0,0,0,597,1
520,596,153,148,29,0,1,0,0,1,225,71,0,0,137,1,1,1,29,1,0,0,0,0,0,0,176,0
521,238,77,73,5,0,0,0,0,0,127,0,0,0,107,1,1,0,49,0,0,0,0,0,0,0,276,1
522,596,153,148,29,0,1,0,0,1,365,129,0,0,137,1,1,1,29,1,0,0,0,0,0,0,113,0
523,232,76,72,4,0,0,0,0,0,126,0,0,0,135,1,1,0,85,0,0,0,0,0,0,0,119,1
524,3,3,2,0,0,0,0,0,0,53,0,1,1,140,1,1,0,33,0,0,0,0,0,0,0,552,1
525,327,97,92,5,0,0,0,0,0,147,0,0,0,43,1,1,0,61,0,0,0,0,0,0,0,120,1
526,152,61,57,5,0,0,0,0,0,111,0,0,0,117,1,1,0,84,0,0,0,0,0,0,0,277,0
527,596,153,148,29,0,3,0,0,2,135,46,0,0,137,1,1,5,29,1,0,0,0,0,0,2,167,0
528,186,67,63,3,0,0,0,0,0,117,0,0,0,145,1,1,0,89,0,0,0,0,0,0,0,147,1
529,447,130,123,12,0,0,0,0,0,2,0,0,0,105,1,1,0,59,0,0,0,0,0,0,0,52,1
530,596,153,148,29,0,1,0,0,1,396,98,0,0,137,1,1,1,29,1,0,0,0,0,0,0,518,0
531,327,97,92,5,0,0,0,0,0,147,0,0,0,43,1,1,0,61,0,0,0,0,0,0,0,120,0
532,261,82,78,5,0,0,0,0,0,132,0,0,0,21,1,1,0,0,0,0,0,0,0,0,0,21,1
533,494,135,128,13,0,0,0,0,0,7,0,0,0,12,1,1,0,19,0,0,0,0,0,0,0,380,1
534,596,153,148,29,0,1,0,0,1,202,191,0,0,137,1,1,1,29,1,0,0,0,0,0,0,179,0
535,596,153,148,29,0,1,0,0,1,70,237,0,0,137,1,1,1,29,1,0,0,0,0,0,0,225,0
536,65,40,38,0,0,0,0,0,0,90,0,0,0,45,1,1,0,103,0,0,0,0,0,0,0,144,0
537,596,153,148,29,0,1,0,0,1,179,79,0,0,137,1,1,1,29,1,0,0,0,0,0,0,273,0
538,212,72,68,2,0,0,0,0,0,122,0,0,0,49,1,1,0,149,0,0,0,0,0,0,0,19,1
539,596,153,148,29,0,1,0,0,1,366,74,0,0,137,1,1,1,29,1,0,0,0,0,0,0,467,0
540,596,153,148,29,0,1,0,0,1,140,84,0,0,137,1,1,1,29,1,0,0,0,0,0,0,174,0
541,511,137,130,13,0,0,0,0,0,9,0,0,0,150,1,1,0,143,0,0,0,0,0,0,0,106,1
542,413,121,115,8,0,0,0,0,0,171,0,0,0,16,1,1,0,56,0,0,0,0,0,0,0,505,1
543,1,1,1,0,0,0,0,0,0,51,0,1,1,81,1,1,0,119,0,0,0,0,0,0,0,528,1
544,395,114,108,6,0,0,0,0,0,164,0,0,0,151,1,1,0,146,0,0,0,0,0,0,0,241,1
545,596,153,148,29,0,1,0,0,1,384,65,0,0,137,1,1,1,29,1,0,0,0,0,0,0,136,0
546,228,75,71,6,0,0,0,0,0,125,0,1,1,64,1,1,0,109,0,0,0,0,0,0,0,145,1
547,596,153,148,29,0,1,0,0,1,405,38,0,0,137,1,1,1,29,1,0,0,0,0,0,0,246,0
548,596,153,148,29,0,1,0,0,1,425,138,0,0,137,1,1,1,29,1,0,0,0,0,0,0,424,1
549,375,108,102,8,0,0,0,0,0,158,0,0,0,123,1,1,0,115,0,0,0,0,0,0,0,104,1
550,88,45,43,2,0,0,0,0,0,95,9,0,0,141,1,1,2,145,1,0,0,1,0,0,1,82,1
551,368,106,100,6,0,0,0,0,0,156,0,0,0,93,1,1,0,108,0,0,0,0,0,0,0,193,1
552,130,56,53,3,0,0,0,0,0,106,0,1,1,77,1,1,0,138,0,0,0,0,0,0,0,146,1
553,70,41,39,2,0,0,0,0,0,91,0,0,0,127,1,1,0,97,0,0,0,0,0,0,0,507,1
554,596,153,148,29,0,1,0,0,1,104,117,0,0,137,1,1,1,29,1,0,0,0,0,0,0,198,0
555,28,28,27,0,0,0,0,0,0,78,0,1,1,48,1,1,0,112,0,0,0,0,0,0,0,596,1
556,596,153,148,29,0,1,0,0,1,431,241,0,0,137,1,1,1,29,1,0,0,0,0,0,0,14,0
557,341,100,95,6,0,0,0,0,0,150,11,0,0,72,1,1,2,70,1,0,0,1,0,0,1,118,1
558,544,141,134,13,0,0,0,0,0,13,14,0,0,70,1,1,2,132,1,0,0,1,0,0,1,481,1
559,79,43,41,2,0,0,0,0,0,93,0,0,0,87,1,1,0,62,0,0,0,0,0,0,0,597,1
560,208,71,67,2,0,0,0,0,0,121,0,0,0,83,1,1,0,48,0,0,0,0,0,0,0,421,1
561,313,94,89,7,0,0,0,0,0,144,0,0,0,51,1,1,0,128,0,0,0,0,0,0,0,37,1
562,271,85,81,3,0,0,0,0,0,135,0,0,0,25,1,1,0,75,0,0,0,0,0,0,0,375,1
563,455,131,124,16,0,0,0,0,0,3,0,1,1,39,1,1,0,137,0,0,0,0,0,0,0,572,0
564,95,47,44,1,0,0,0,0,0,97,0,0,0,23,1,1,0,102,0,0,0,0,0,0,0,453,1
565,596,153,148,29,0,1,0,0,1,239,67,0,0,137,1,1,1,29,1,0,0,0,0,0,0,117,0
566,339,99,94,7,0,0,0,0,0,149,0,0,0,82,1,1,0,99,0,0,0,0,0,0,0,376,1
567,282,87,83,5,0,0,0,0,0,137,10,0,0,61,1,1,2,71,1,0,0,1,0,0,1,525,1
568,596,153,148,29,0,1,0,0,1,91,182,0,0,137,1,1,1,29,1,0,0,0,0,0,0,559,0
569,596,153,148,29,0,1,0,0,1,67,208,0,0,137,1,1,1,29,1,0,0,0,0,0,0,392,0
570,14,14,13,0,0,0,0,0,0,64,0,1,1,6,1,1,0,81,0,0,0,0,0,0,0,78,1
571,492,135,128,14,0,0,0,0,0,7,0,0,0,12,1,1,0,19,0,0,0,0,0,0,0,380,1
572,519,138,131,16,0,0,0,0,0,10,0,1,1,143,1,1,0,10,0,0,0,0,0,0,0,378,1
573,125,55,52,0,0,0,0,0,0,105,0,0,0,152,1,1,0,87,0,0,0,0,0,0,0,557,1
574,94,47,44,0,0,0,0,0,0,97,0,0,0,23,1,1,0,102,0,0,0,0,0,0,0,453,1
575,596,153,148,29,0,1,0,0,1,100,210,0,0,137,1,1,1,29,1,0,0,0,0,0,0,137,0
576,268,84,80,4,0,0,0,0,0,134,0,0,0,102,1,1,0,41,0,0,0,0,0,0,0,299,1
577,596,153,148,29,0,1,0,0,1,361,143,0,0,137,1,1,1,29,1,0,0,0,0,0,0,285,0
578,102,49,46,3,0,0,0,0,0,99,0,1,1,53,1,1,0,104,0,0,0,0,0,0,0,457,1
579,596,153,148,29,0,1,0,0,1,438,155,0,0,137,1,1,1,29,1,0,0,0,0,0,0,539,0
580,596,153,148,29,0,1,0,0,1,61,64,0,0,137,1,1,1,29,1,0,0,0,0,0,0,368,0
581,596,153,148,29,0,1,0,0,1,381,146,0,0,137,1,1,1,29,1,0,0,0,0,0,0,584,0
582,126,55,52,3,0,0,0,0,0,105,0,1,1,152,1,1,0,87,0,0,0,0,0,0,0,557,1
583,181,66,62,1,0,0,0,0,0,116,0,0,0,35,1,1,0,69,0,0,0,0,0,0,0,300,1
584,108,50,47,3,0,0,0,0,0,100,0,1,1,119,1,1,0,47,0,0,0,0,0,0,0,278,1
585,420,124,117,7,0,0,0,0,0,174,0,0,0,129,1,1,0,88,0,0,0,0,0,0,0,81,1
586,163,63,59,1,0,0,0,0,0,113,0,0,0,20,1,1,0,140,0,0,0,0,0,0,0,485,1
587,564,143,136,18,0,0,0,0,0,0,35,0,0,122,1,1,4,90,3,0,0,4,0,0,3,24,1
588,493,135,128,14,0,0,0,0,0,7,0,0,0,12,1,1,0,19,0,0,0,0,0,0,0,380,1
589,596,153,148,29,0,1,0,0,1,138,82,0,0,137,1,1,1,29,1,0,0,0,0,0,0,169,0
590,236,77,73,4,0,0,0,0,0,127,0,0,0,107,1,1,0,49,0,0,0,0,0,0,0,276,1
591,573,143,138,25,0,0,0,0,0,0,122,0,0,122,1,1,8,90,5,0,0,6,0,0,5,24,1
592,596,153,148,29,0,1,0,0,1,86,172,0,0,137,1,1,1,29,1,0,0,0,0,0,0,372,0
593,248,79,75,4,0,0,0,0,0,129,0,0,0,114,1,1,0,123,0,0,0,0,0,0,0,148,1
594,292,90,85,5,0,0,0,0,0,140,0,0,0,22,1,1,0,118,0,0,0,0,0,0,0,77,1
595,211,72,68,6,0,0,0,0,0,122,0,1,1,49,1,1,0,149,0,0,0,0,0,0,0,19,1
596,596,153,148,29,0,1,0,0,1,347,80,0,0,137,1,1,1,29,1,0,0,0,0,0,0,138,0
597,117,53,50,1,0,0,0,0,0,103,0,0,0,11,1,1,0,1,0,0,0,0,0,0,0,506,1
598,596,153,148,29,0,1,0,0,1,259,71,0,0,137,1,1,1,29,1,0,0,0,0,0,0,340,0
599,596,153,148,29,0,1,0,0,1,302,23,0,0,137,1,1,1,29,1,0,0,0,0,0,0,30,0
600,446,130,123,14,0,0,0,0,0,2,0,0,0,105,1,1,0,59,0,0,0,0,0,0,0,52,1
601,132,57,54,2,0,0,0,0,0,107,0,0,0,65,1,1,0,133,0,0,0,0,0,0,0,240,1
602,161,63,59,3,0,0,0,0,0,113,0,0,0,20,1,1,0,140,0,0,0,0,0,0,0,485,1
603,49,36,34,2,0,0,0,0,0,86,0,0,0,27,1,1,0,45,0,0,0,0,0,0,0,237,1
604,435,129,122,15,0,0,0,0,0,1,0,0,0,37,1,1,0,34,0,0,0,0,0,0,0,555,1
605,592,151,146,29,0,0,0,0,0,8,0,0,0,59,1,1,0,67,0,0,0,0,0,0,0,103,1
606,458,131,124,15,0,0,0,0,0,3,0,0,0,39,1,1,0,137,0,0,0,0,0,0,0,572,1
607,596,153,148,29,0,1,0,0,1,28,62,0,0,137,1,1,1,29,1,0,0,0,0,0,0,337,0
608,596,153,148,29,0,1,0,0,1,255,57,0,0,137,1,1,1,29,1,0,0,0,0,0,0,352,0
609,241,78,74,3,0,0,0,0,0,128,0,0,0,33,1,1,0,5,0,0,0,0,0,0,0,192,1
610,596,153,148,29,0,1,0,0,1,446,84,0,0,137,1,1,1,29,1,0,0,0,0,0,0,390,1
611,596,153,148,29,0,1,0,0,1,448,175,0,0,137,1,1,1,29,1,0,0,0,0,0,0,94,0
612,596,153,148,29,0,1,0,0,1,321,72,0,0,137,1,1,1,29,1,0,0,0,0,0,0,159,0
613,61,39,37,2,0,0,0,0,0,89,0,0,0,139,1,1,0,101,0,0,0,0,0,0,0,333,1
614,478,133,126,14,0,0,0,0,0,5,0,0,0,113,1,1,0,91,0,0,0,0,0,0,0,148,1
615,429,128,121,9,0,0,0,0,0,0,121,0,0,120,1,1,8,60,5,0,0,6,0,0,5,23,1
616,596,153,148,29,0,1,0,0,1,302,23,0,0,137,1,1,1,29,1,0,0,0,0,0,0,30,0
617,321,96,91,8,0,0,0,0,0,146,0,0,0,100,1,1,0,141,0,0,0,0,0,0,0,22,1
618,405,118,112,6,0,0,0,0,0,168,0,0,0,40,1,1,0,147,0,0,0,0,0,0,0,334,1
619,596,153,148,29,0,1,0,0,1,158,81,0,0,137,1,1,1,29,1,0,0,0,0,0,0,95,0
620,274,85,81,6,0,0,0,0,0,135,0,1,1,25,1,1,0,75,0,0,0,0,0,0,0,375,1
621,463,132,125,13,0,0,0,0,0,4,0,0,0,10,1,1,0,82,0,0,0,0,0,0,0,435,1
622,140,59,55,3,0,0,0,0,0,109,0,1,1,76,1,1,0,51,0,0,0,0,0,0,0,238,1
623,487,134,127,15,0,0,0,0,0,6,0,0,0,69,1,1,0,46,0,0,0,0,0,0,0,34,1
624,252,80,76,6,0,0,0,0,0,130,0,1,1,46,1,1,0,142,0,0,0,0,0,0,0,144,1
625,596,153,148,29,0,1,0,0,1,216,111,0,0,137,1,1,1,29,1,0,0,0,0,0,0,142,0
626,345,101,95,5,0,0,0,0,0,151,0,0,0,26,1,1,0,114,0,0,0,0,0,0,0,553,1
627,454,131,124,13,0,0,0,0,0,3,0,0,0,39,1,1,0,137,0,0,0,0,0,0,0,572,0
628,596,153,148,29,0,1,0,0,1,150,71,0,0,137,1,1,1,29,1,0,0,0,0,0,0,158,0
629,26,26,25,0,1,2,0,0,2,76,50,0,0,153,0,0,4,151,4,0,0,2,0,0,2,335,0
630,179,66,62,4,0,0,0,0,0,116,0,0,0,35,1,1,0,69,0,0,0,0,0,0,0,300,1
631,461,131,124,12,0,0,0,0,0,3,0,0,0,39,1,1,0,137,0,0,0,0,0,0,0,572,1
632,81,44,42,1,0,0,0,0,0,94,0,0,0,149,1,1,0,121,0,0,0,0,0,0,0,452,1
633,596,153,148,29,0,1,0,0,1,198,103,0,0,137,1,1,1,29,1,0,0,0,0,0,0,75,0
634,393,114,108,7,0,0,0,0,0,164,0,0,0,151,1,1,0,146,0,0,0,0,0,0,0,241,1
635,596,153,148,29,0,1,0,0,1,316,76,0,0,137,1,1,1,29,1,0,0,0,0,0,0,323,0
636,535,140,133,15,0,0,0,0,0,12,0,0,0,5,1,1,0,150,0,0,0,0,0,0,0,316,1
637,596,153,148,29,0,1,0,0,1,452,120,0,0,137,1,1,1,29,1,0,0,0,0,0,0,206,0
638,189,68,64,2,0,0,0,0,0,118,0,0,0,57,1,1,0,20,0,0,0,0,0,0,0,239,1
639,93,47,44,2,0,0,0,0,0,97,0,0,0,23,1,1,0,102,0,0,0,0,0,0,0,453,1
640,596,153,148,29,0,1,0,0,1,231,63,0,0,137,1,1,1,29,1,0,0,0,0,0,0,220,0
641,596,153,148,29,0,1,0,0,1,83,179,0,0,137,1,1,1,29,1,0,0,0,0,0,0,497,0
642,288,89,84,6,0,0,0,0,0,139,0,1,1,3,1,1,0,79,0,0,0,0,0,0,0,398,1
643,313,94,89,7,0,0,0,0,0,144,0,0,0,51,1,1,0,128,0,0,0,0,0,0,0,37,0
644,596,153,148,29,0,1,0,0,1,471,125,0,0,137,1,1,1,29,1,0,0,0,0,0,0,228,0
645,596,153,148,29,0,1,0,0,1,356,58,0,0,137,1,1,1,29,1,0,0,0,0,0,0,562,0
646,245,78,74,5,0,0,0,0,0,128,0,0,0,33,1,1,0,5,0,0,0,0,0,0,0,192,1
647,374,108,102,7,0,0,0,0,0,158,0,0,0,123,1,1,0,115,0,0,0,0,0,0,0,104,1
648,94,47,44,0,0,0,0,0,0,97,0,0,0,23,1,1,0,102,0,0,0,0,0,0,0,453,1
649,348,101,95,6,0,0,0,0,0,151,0,0,0,26,1,1,0,114,0,0,0,0,0,0,0,553,1
650,596,153,148,29,0,1,0,0,1,92,4,0,0,137,1,1,1,29,1,0,0,0,0,0,0,271,0
651,267,84,80,3,0,0,0,0,0,134,0,0,0,102,1,1,0,41,0,0,0,0,0,0,0,299,1
652,596,153,148,29,0,1,0,0,1,212,114,0,0,137,1,1,1,29,1,0,0,0,0,0,0,412,0
653,533,140,133,14,0,0,0,0,0,12,0,0,0,5,1,1,0,150,0,0,0,0,0,0,0,316,1
654,258,81,77,3,0,0,0,0,0,131,0,0,0,112,1,1,0,148,0,0,0,0,0,0,0,440,1
655,352,102,96,5,0,0,0,0,0,152,0,0,0,89,1,1,0,22,0,0,0,0,0,0,0,354,1
656,596,153,148,29,0,1,0,0,1,312,94,0,0,137,1,1,1,29,1,0,0,0,0,0,0,160,1
657,326,97,92,4,0,0,0,0,0,147,0,0,0,43,1,1,0,61,0,0,0,0,0,0,0,120,1
658,143,60,56,4,0,0,0,0,0,110,0,0,0,138,1,1,0,106,0,0,0,0,0,0,0,480,1
659,354,103,97,5,0,0,0,0,0,153,0,0,0,31,1,1,0,54,0,0,0,0,0,0,0,456,0
660,118,53,50,3,0,0,0,0,0,103,0,1,1,11,1,1,0,1,0,0,0,0,0,0,0,506,1
661,596,153,148,29,0,1,0,0,1,222,64,0,0,137,1,1,1,29,1,0,0,0,0,0,0,514,0
662,596,153,148,29,0,1,0,0,1,463,109,0,0,137,1,1,1,29,1,0,0,0,0,0,0,199,0
663,30,30,29,0,0,0,0,0,0,80,0,0,0,124,1,1,0,7,0,0,0,0,0,0,0,318,1
664,159,63,59,2,0,0,0,0,0,113,0,0,0,20,1,1,0,140,0,0,0,0,0,0,0,485,1
665,596,153,148,29,0,1,0,0,1,265,76,0,0,137,1,1,1,29,1,0,0,0,0,0,0,150,0
666,596,153,148,29,0,1,0,0,1,53,155,0,0,137,1,1,1,29,1,0,0,0,0,0,0,359,0
667,139,59,55,2,0,0,0,0,0,109,0,0,0,76,1,1,0,51,0,0,0,0,0,0,0,238,1
668,408,119,113,6,0,0,0,0,0,169,0,0,0,97,1,1,0,27,0,0,0,0,0,0,0,100,1
669,596,153,148,29,0,1,0,0,1,94,197,0,0,137,1,1,1,29,1,0,0,0,0,0,0,476,0
670,596,153,148,29,0,1,0,0,1,32,78,0,0,137,1,1,1,29,1,0,0,0,0,0,0,186,0
671,510,137,130,16,0,0,0,0,0,9,0,1,1,150,1,1,0,143,0,0,0,0,0,0,0,106,1
672,73,42,40,3,0,0,0,0,0,92,0,1,1,28,1,1,0,107,0,0,0,0,0,0,0,314,1
673,89,46,43,2,0,0,0,0,0,96,0,0,0,73,1,1,0,95,0,0,0,0,0,0,0,79,1
674,182,66,62,2,0,0,0,0,0,116,0,0,0,35,1,1,0,69,0,0,0,0,0,0,0,300,1
675,467,132,125,14,0,0,0,0,0,4,0,0,0,10,1,1,0,82,0,0,0,0,0,0,0,435,1
676,596,153,148,29,0,1,0,0,1,393,72,0,0,137,1,1,1,29,1,0,0,0,0,0,0,295,0
677,596,153,148,29,0,1,0,0,1,137,160,0,0,137,1,1,1,29,1,0,0,0,0,0,0,410,0
678,481,134,127,15,0,0,0,0,0,6,0,0,0,69,1,1,0,46,0,0,0,0,0,0,0,34,1
679,402,117,111,7,0,0,0,0,0,167,0,0,0,24,1,1,0,18,0,0,0,0,0,0,0,216,1
680,431,128,121,11,0,0,0,0,0,0,121,1,1,120,1,1,8,60,5,0,0,6,0,0,5,23,1
681,412,120,114,8,0,0,0,0,0,170,0,0,0,94,1,1,0,44,0,0,0,0,0,0,0,80,1
682,559,143,137,21,0,0,0,0,0,0,47,0,0,122,1,1,6,90,4,0,0,5,0,0,4,24,1
683,596,153,148,29,0,1,0,0,1,134,145,0,0,137,1,1,1,29,1,0,0,0,0,0,0,367,0
684,596,153,148,29,0,1,0,0,1,89,185,0,0,137,1,1,1,29,1,0,0,0,0,0,0,249,0
685,248,79,75,4,0,0,0,0,0,129,0,0,0,114,1,1,0,123,0,0,0,0,0,0,0,148,1
686,487,134,127,15,0,0,0,0,0,6,0,0,0,69,1,1,0,46,0,0,0,0,0,0,0,34,1
687,26,26,25,0,1,2,0,0,2,76,50,0,0,153,0,0,4,151,4,0,0,2,0,0,2,335,1
688,320,95,90,6,0,0,0,0,0,145,0,0,0,32,1,1,0,92,0,0,0,0,0,0,0,484,1
689,596,153,148,29,0,1,0,0,1,115,129,0,0,137,1,1,1,29,1,0,0,0,0,0,0,16,0
690,596,153,148,29,0,1,0,0,1,309,108,0,0,137,1,1,1,29,1,0,0,0,0,0,0,547,0
691,517,138,131,15,0,0,0,0,0,10,0,0,0,143,1,1,0,10,0,0,0,0,0,0,0,378,1
692,378,109,103,6,0,0,0,0,0,159,0,0,0,71,1,1,0,139,0,0,0,0,0,0,0,527,1
693,596,153,148,29,0,1,0,0,1,378,81,0,0,137,1,1,1,29,1,0,0,0,0,0,0,127,0
694,48,35,34,0,0,0,0,0,0,85,7,0,0,96,1,1,2,105,1,0,0,1,0,0,1,7,1
695,596,153,148,29,0,1,0,0,1,206,112,0,0,137,1,1,1,29,1,0,0,0,0,0,0,391,0
696,596,153,148,29,0,1,0,0,1,264,93,0,0,137,1,1,1,29,1,0,0,0,0,0,0,5,0
697,596,153,148,29,0,4,0,0,3,434,31,0,0,137,1,1,7,29,1,0,0,0,0,0,2,428,0
698,310,93,88,6,0,0,0,0,0,143,0,0,0,142,1,1,0,78,0,0,0,0,0,0,0,121,1
699,596,153,148,29,0,1,0,0,1,355,77,0,0,137,1,1,1,29,1,0,0,0,0,0,0,181,0
700,596,153,148,29,0,1,0,0,1,54,89,0,0,137,1,1,1,29,1,0,0,0,0,0,0,99,0
701,437,129,122,16,0,0,0,0,0,1,0,1,1,37,1,1,0,34,0,0,0,0,0,0,0,555,1
702,596,153,148,29,0,1,0,0,1,66,16,0,0,137,1,1,1,29,1,0,0,0,0,0,0,406,0
703,596,153,148,29,0,1,0,0,1,192,62,0,0,137,1,1,1,29,1,0,0,0,0,0,0,305,0
704,596,153,148,29,0,1,0,0,1,63,154,0,0,137,1,1,1,29,1,0,0,0,0,0,0,205,0
705,579,145,140,29,0,0,0,0,0,2,0,0,0,115,1,1,0,76,0,0,0,0,0,0,0,53,1
706,596,153,148,29,0,1,0,0,1,317,58,0,0,137,1,1,1,29,1,0,0,0,0,0,0,306,0
707,218,73,69,5,0,0,0,0,0,123,0,0,0,56,1,1,0,38,0,0,0,0,0,0,0,397,1
708,214,72,68,4,0,0,0,0,0,122,0,0,0,49,1,1,0,149,0,0,0,0,0,0,0,19,1
709,350,102,96,7,0,0,0,0,0,152,0,0,0,89,1,1,0,22,0,0,0,0,0,0,0,354,1
710,455,131,124,16,0,0,0,0,0,3,0,1,1,39,1,1,0,137,0,0,0,0,0,0,0,572,1
711,596,153,148,29,0,1,0,0,1,39,83,0,0,137,1,1,1,29,1,0,0,0,0,0,0,460,0
712,83,44,42,0,0,0,0,0,0,94,0,0,0,149,1,1,0,121,0,0,0,0,0,0,0,452,1
713,199,69,65,1,0,0,0,0,0,119,0,0,0,74,1,1,0,64,0,0,0,0,0,0,0,355,1
714,596,153,148,29,0,1,0,0,1,127,94,0,0,137,1,1,1,29,1,0,0,0,0,0,0,244,0
715,596,153,148,29,0,1,0,0,1,460,94,0,0,137,1,1,1,29,1,0,0,0,0,0,0,589,0
716,476,133,126,13,0,0,0,0,0,5,0,0,0,113,1,1,0,91,0,0,0,0,0,0,0,148,1
717,596,153,148,29,0,1,0,0,1,279,111,0,0,137,1,1,1,29,1,0,0,0,0,0,0,542,0
718,596,153,148,29,0,1,0,0,1,278,75,0,0,137,1,1,1,29,1,0,0,0,0,0,0,8,0
719,596,153,148,29,0,1,0,0,1,294,93,0,0,137,1,1,1,29,1,0,0,0,0,0,0,231,0
720,320,95,90,6,0,0,0,0,0,145,0,0,0,32,1,1,0,92,0,0,0,0,0,0,0,484,0
721,273,85,81,4,0,0,0,0,0,135,0,0,0,25,1,1,0,75,0,0,0,0,0,0,0,375,1
722,523,139,132,15,0,0,0,0,0,11,0,0,0,128,1,1,0,74,0,0,0,0,0,0,0,218,1
723,169,64,60,5,0,0,0,0,0,114,0,0,0,103,1,1,0,113,0,0,0,0,0,0,0,163,1
724,596,153,148,29,0,1,0,0,1,457,19,0,0,137,1,1,1,29,1,0,0,0,0,0,0,287,0
725,596,153,148,29,0,1,0,0,1,277,128,0,0,137,1,1,1,29,1,0,0,0,0,0,0,568,0
726,240,77,73,6,0,0,0,0,0,127,0,1,1,107,1,1,0,49,0,0,0,0,0,0,0,276,1
727,458,131,124,15,0,0,0,0,0,3,0,0,0,39,1,1,0,137,0,0,0,0,0,0,0,572,1
728,450,130,123,14,0,0,0,0,0,2,0,0,0,105,1,1,0,59,0,0,0,0,0,0,0,52,1
729,474,133,126,13,0,0,0,0,0,5,0,0,0,113,1,1,0,91,0,0,0,0,0,0,0,148,1
730,596,153,148,29,0,1,0,0,1,26,152,0,0,137,1,1,1,29,1,0,0,0,0,0,0,558,0
731,591,151,146,29,0,0,0,0,0,8,0,0,0,59,1,1,0,67,0,0,0,0,0,0,0,103,1
732,380,109,103,7,0,0,0,0,0,159,0,0,0,71,1,1,0,139,0,0,0,0,0,0,0,527,1
733,585,148,143,29,0,0,0,0,0,5,0,0,0,106,1,1,0,16,0,0,0,0,0,0,0,149,1
734,237,77,73,3,0,0,0,0,0,127,0,0,0,107,1,1,0,49,0,0,0,0,0,0,0,276,1
735,279,87,83,3,0,0,0,0,0,137,10,0,0,61,1,1,2,71,1,0,0,1,0,0,1,525,1
736,528,139,132,14,0,0,0,0,0,11,0,0,0,128,1,1,0,74,0,0,0,0,0,0,0,218,1
737,596,153,148,29,0,1,0,0,1,159,77,0,0,137,1,1,1,29,1,0,0,0,0,0,0,418,0
738,596,153,148,29,0,1,0,0,1,303,29,0,0,137,1,1,1,29,1,0,0,0,0,0,0,265,0
739,170,64,60,6,0,0,0,0,0,114,0,1,1,103,1,1,0,113,0,0,0,0,0,0,0,163,1
740,34,32,31,2,0,0,0,0,0,82,0,0,0,54,1,1,0,52,0,0,0,0,0,0,0,598,1
741,429,128,121,9,0,0,0,0,0,0,121,0,0,120,1,1,8,60,5,0,0,6,0,0,5,23,1
742,381,110,104,6,0,0,0,0,0,160,0,0,0,118,1,1,0,40,0,0,0,0,0,0,0,55,1
743,596,153,148,29,0,1,0,0,1,270,69,0,0,137,1,1,1,29,1,0,0,0,0,0,0,196,0
744,596,153,148,29,0,1,0,0,1,30,236,0,0,137,1,1,1,29,1,0,0,0,0,0,0,212,0
745,596,153,148,29,0,1,0,0,1,322,74,0,0,137,1,1,1,29,1,0,0,0,0,0,0,468,0
746,358,104,98,6,0,0,0,0,0,154,0,0,0,75,1,1,0,100,0,0,0,0,0,0,0,574,1
747,484,134,127,16,0,0,0,0,0,6,0,1,1,69,1,1,0,46,0,0,0,0,0,0,0,34,1
748,596,153,148,29,0,1,0,0,1,389,211,0,0,137,1,1,1,29,1,0,0,0,0,0,0,295,0
749,576,144,139,29,0,0,0,0,0,1,0,0,0,38,1,1,0,57,0,0,0,0,0,0,0,556,1
750,417,123,117,8,0,0,0,0,0,173,13,0,0,55,1,1,2,15,1,0,0,1,0,0,1,194,1
751,26,26,25,0,1,2,0,0,2,76,50,0,0,153,0,0,4,151,4,0,0,2,0,0,2,335,1
752,15,15,14,0,0,0,0,0,0,65,0,1,1,136,1,1,0,72,0,0,0,0,0,0,0,51,1
753,596,153,148,29,0,1,0,0,1,409,232,0,0,137,1,1,1,29,1,0,0,0,0,0,0,513,0
754,432,128,121,9,0,0,0,0,0,0,121,0,0,120,1,1,8,60,5,0,0,6,0,0,5,23,0
755,596,153,148,29,0,1,0,0,1,254,61,0,0,137,1,1,1,29,1,0,0,0,0,0,0,470,0
756,497,136,129,15,0,0,0,0,0,8,0,0,0,58,1,1,0,144,0,0,0,0,0,0,0,102,1
757,183,67,63,4,0,0,0,0,0,117,0,0,0,145,1,1,0,89,0,0,0,0,0,0,0,147,1
758,299,91,86,5,0,0,0,0,0,141,0,0,0,148,1,1,0,93,0,0,0,0,0,0,0,101,1
759,96,47,44,3,0,0,0,0,0,97,0,1,1,23,1,1,0,102,0,0,0,0,0,0,0,453,1
760,596,153,148,29,0,1,0,0,1,435,26,0,0,137,1,1,1,29,1,0,0,0,0,0,0,565,0
761,596,153,148,29,0,1,0,0,1,323,95,0,0,137,1,1,1,29,1,0,0,0,0,0,0,493,0
762,596,153,148,29,0,1,0,0,1,184,90,0,0,137,1,1,1,29,1,0,0,0,0,0,0,98,0
763,220,73,69,4,0,0,0,0,0,123,0,0,0,56,1,1,0,38,0,0,0,0,0,0,0,397,1
764,244,78,74,6,0,0,0,0,0,128,0,1,1,33,1,1,0,5,0,0,0,0,0,0,0,192,1
765,596,153,148,29,0,1,0,0,1,169,84,0,0,137,1,1,1,29,1,0,0,0,0,0,0,502,0
766,596,153,148,29,0,1,0,0,1,200,44,0,0,137,1,1,1,29,1,0,0,0,0,0,0,512,0
767,443,130,123,16,0,0,0,0,0,2,0,1,1,105,1,1,0,59,0,0,0,0,0,0,0,52,1
768,202,70,66,2,0,0,0,0,0,120,0,0,0,92,1,1,0,73,0,0,0,0,0,0,0,331,1
769,254,80,76,3,0,0,0,0,0,130,0,0,0,46,1,1,0,142,0,0,0,0,0,0,0,144,1
770,596,153,148,29,0,1,0,0,1,327,64,0,0,137,1,1,1,29,1,0,0,0,0,0,0,304,0
771,219,73,69,6,0,0,0,0,0,123,0,1,1,56,1,1,0,38,0,0,0,0,0,0,0,397,1
772,596,153,148,29,0,1,0,0,1,58,95,0,0,137,1,1,1,29,1,0,0,0,0,0,0,416,0
773,596,153,148,29,0,1,0,0,1,227,130,0,0,137,1,1,1,29,1,0,0,0,0,0,0,387,0
774,596,153,148,29,0,1,0,0,1,258,74,0,0,137,1,1,1,29,1,0,0,0,0,0,0,308,0
775,596,153,148,29,0,1,0,0,1,416,195,0,0,137,1,1,1,29,1,0,0,0,0,0,0,566,0
776,596,153,148,29,0,1,0,0,1,443,190,0,0,137,1,1,1,29,1,0,0,0,0,0,0,450,0
777,596,153,148,29,0,1,0,0,1,206,112,0,0,137,1,1,1,29,1,0,0,0,0,0,0,391,1
778,596,153,148,29,0,1,0,0,1,170,75,0,0,137,1,1,1,29,1,0,0,0,0,0,0,31,0
779,506,137,130,13,0,0,0,0,0,9,0,0,0,150,1,1,0,143,0,0,0,0,0,0,0,106,1
780,596,153,148,29,0,1,0,0,1,224,64,0,0,137,1,1,1,29,1,0,0,0,0,0,0,57,0
781,567,143,137,20,0,0,0,0,0,0,47,0,0,122,1,1,6,90,4,0,0,5,0,0,4,24,1
782,596,153,148,29,0,1,0,0,1,185,118,0,0,137,1,1,1,29,1,0,0,0,0,0,0,560,0
783,596,153,148,29,0,1,0,0,1,424,186,0,0,137,1,1,1,29,1,0,0,0,0,0,0,49,0
784,277,86,82,4,0,0,0,0,0,136,0,0,0,121,1,1,0,53,0,0,0,0,0,0,0,279,1
785,152,61,57,5,0,0,0,0,0,111,0,0,0,117,1,1,0,84,0,0,0,0,0,0,0,277,1
786,270,84,80,5,0,0,0,0,0,134,0,0,0,102,1,1,0,41,0,0,0,0,0,0,0,299,1
787,155,62,58,6,0,0,0,0,0,112,0,1,1,36,1,1,0,37,0,0,0,0,0,0,0,280,1
788,570,143,137,21,0,0,0,0,0,0,47,0,0,122,1,1,6,90,4,0,0,5,0,0,4,24,1
789,596,153,148,29,0,1,0,0,1,362,80,0,0,137,1,1,1,29,1,0,0,0,0,0,0,90,0
790,596,153,148,29,0,1,0,0,1,326,71,0,0,137,1,1,1,29,1,0,0,0,0,0,0,409,0
791,596,153,148,29,0,1,0,0,1,299,49,0,0,137,1,1,1,29,1,0,0,0,0,0,0,70,0
792,79,43,41,2,0,0,0,0,0,93,0,0,0,87,1,1,0,62,0,0,0,0,0,0,0,597,0
793,596,153,148,29,0,1,0,0,1,107,52,0,0,137,1,1,1,29,1,0,0,0,0,0,0,448,0
794,6,6,5,0,0,0,0,0,0,56,0,1,1,1,1,1,0,136,0,0,0,0,0,0,0,242,1
795,524,139,132,13,0,0,0,0,0,11,0,0,0,128,1,1,0,74,0,0,0,0,0,0,0,218,1
796,596,153,148,29,0,1,0,0,1,84,209,0,0,137,1,1,1,29,1,0,0,0,0,0,0,578,0
797,197,69,65,4,0,0,0,0,0,119,0,0,0,74,1,1,0,64,0,0,0,0,0,0,0,355,0
798,126,55,52,3,0,0,0,0,0,105,0,1,1,152,1,1,0,87,0,0,0,0,0,0,0,557,1
799,128,55,52,2,0,0,0,0,0,105,0,0,0,152,1,1,0,87,0,0,0,0,0,0,0,557,1
800,596,153,148,29,0,1,0,0,1,280,217,0,0,137,1,1,1,29,1,0,0,0,0,0,0,134,0
801,422,125,118,7,0,0,0,0,0,175,0,0,0,86,1,1,0,11,0,0,0,0,0,0,0,458,1
802,596,153,148,29,0,1,0,0,1,40,62,0,0,137,1,1,1,29,1,0,0,0,0,0,0,593,0
803,578,144,139,28,0,0,0,0,0,1,0,0,0,38,1,1,0,57,0,0,0,0,0,0,0,556,1
804,376,108,102,6,0,0,0,0,0,158,0,0,0,123,1,1,0,115,0,0,0,0,0,0,0,104,1
805,596,153,148,29,0,1,0,0,1,249,77,0,0,137,1,1,1,29,1,0,0,0,0,0,0,472,0
806,596,153,148,29,0,1,0,0,1,406,229,0,0,137,1,1,1,29,1,0,0,0,0,0,0,254,0
807,472,132,125,12,0,0,0,0,0,4,0,0,0,10,1,1,0,82,0,0,0,0,0,0,0,435,1
808,198,69,65,6,0,0,0,0,0,119,0,1,1,74,1,1,0,64,0,0,0,0,0,0,0,355,1
809,153,62,58,3,0,0,0,0,0,112,0,0,0,36,1,1,0,37,0,0,0,0,0,0,0,280,1
810,190,68,64,1,0,0,0,0,0,118,0,0,0,57,1,1,0,20,0,0,0,0,0,0,0,239,1
811,150,61,57,6,0,0,0,0,0,111,0,1,1,117,1,1,0,84,0,0,0,0,0,0,0,277,1
812,596,153,148,29,0,1,0,0,1,114,132,0,0,137,1,1,1,29,1,0,0,0,0,0,0,393,0
813,444,130,123,13,0,0,0,0,0,2,0,0,0,105,1,1,0,59,0,0,0,0,0,0,0,52,1
814,119,53,50,2,0,0,0,0,0,103,0,0,0,11,1,1,0,1,0,0,0,0,0,0,0,506,1
815,285,88,83,6,0,0,0,0,0,138,0,1,1,44,1,1,0,24,0,0,0,0,0,0,0,420,1
816,596,153,148,29,0,1,0,0,1,177,88,0,0,137,1,1,1,29,1,0,0,0,0,0,0,413,0
817,557,143,137,22,0,0,0,0,0,0,47,0,0,122,1,1,6,90,4,0,0,5,0,0,4,24,1
818,596,153,148,29,0,1,0,0,1,371,64,0,0,137,1,1,1,29,1,0,0,0,0,0,0,154,0
819,520,138,131,13,0,0,0,0,0,10,0,0,0,143,1,1,0,10,0,0,0,0,0,0,0,378,1
820,332,98,93,8,0,0,0,0,0,148,0,0,0,125,1,1,0,17,0,0,0,0,0,0,0,20,1
821,12,12,11,0,0,0,0,0,0,62,0,1,1,9,1,1,0,26,0,0,0,0,0,0,0,356,1
822,331,98,93,5,0,0,0,0,0,148,0,0,0,125,1,1,0,17,0,0,0,0,0,0,0,20,1
823,291,90,85,4,0,0,0,0,0,140,0,0,0,22,1,1,0,118,0,0,0,0,0,0,0,77,1
824,31,31,30,0,0,0,0,0,0,81,0,0,0,34,1,1,0,12,0,0,0,0,0,0,0,219,1
825,23,23,22,0,0,0,0,0,0,73,0,1,1,63,1,1,0,124,0,0,0,0,0,0,0,6,1
826,253,80,76,4,0,0,0,0,0,130,0,0,0,46,1,1,0,142,0,0,0,0,0,0,0,144,1
827,124,54,51,1,0,0,0,0,0,104,0,0,0,80,1,1,0,152,0,0,0,0,0,0,0,439,1
828,596,153,148,29,0,1,0,0,1,400,57,0,0,137,1,1,1,29,1,0,0,0,0,0,0,444,0
829,187,67,63,1,0,0,0,0,0,117,0,0,0,145,1,1,0,89,0,0,0,0,0,0,0,147,1
830,180,66,62,3,0,0,0,0,0,116,0,0,0,35,1,1,0,69,0,0,0,0,0,0,0,300,1
831,596,153,148,29,0,1,0,0,1,99,220,0,0,137,1,1,1,29,1,0,0,0,0,0,0,0,0
832,191,68,64,3,0,0,0,0,0,118,0,0,0,57,1,1,0,20,0,0,0,0,0,0,0,239,1
833,472,132,125,12,0,0,0,0,0,4,0,0,0,10,1,1,0,82,0,0,0,0,0,0,0,435,0
834,596,153,148,29,0,1,0,0,1,178,227,0,0,137,1,1,1,29,1,0,0,0,0,0,0,27,0
835,596,153,148,29,0,1,0,0,1,286,58,0,0,137,1,1,1,29,1,0,0,0,0,0,0,283,0
836,596,153,148,29,0,1,0,0,1,263,97,0,0,137,1,1,1,29,1,0,0,0,0,0,0,570,0
837,596,153,148,29,0,1,0,0,1,421,150,0,0,137,1,1,1,29,1,0,0,0,0,0,0,140,0
838,390,113,107,6,0,0,0,0,0,163,0,0,0,15,1,1,0,8,0,0,0,0,0,0,0,554,1
839,596,153,148,29,0,1,0,0,1,62,84,0,0,137,1,1,1,29,1,0,0,0,0,0,0,296,0
840,226,75,71,3,0,0,0,0,0,125,0,0,0,64,1,1,0,109,0,0,0,0,0,0,0,145,1
841,52,36,34,1,0,0,0,0,0,86,0,0,0,27,1,1,0,45,0,0,0,0,0,0,0,237,1
842,596,153,148,29,0,1,0,0,1,410,188,0,0,137,1,1,1,29,1,0,0,0,0,0,0,189,0
843,117,53,50,1,0,0,0,0,0,103,0,0,0,11,1,1,0,1,0,0,0,0,0,0,0,506,1
844,596,153,148,29,0,1,0,0,1,23,100,0,0,137,1,1,1,29,1,0,0,0,0,0,0,135,0
845,596,153,148,29,0,1,0,0,1,144,95,0,0,137,1,1,1,29,1,0,0,0,0,0,0,151,0
846,98,48,45,2,0,0,0,0,0,98,0,0,0,132,1,1,0,4,0,0,0,0,0,0,0,105,1
847,287,89,84,3,0,0,0,0,0,139,0,0,0,3,1,1,0,79,0,0,0,0,0,0,0,398,1
848,596,153,148,29,0,1,0,0,1,334,211,0,0,137,1,1,1,29,1,0,0,0,0,0,0,585,0
849,215,72,68,5,0,0,0,0,0,122,0,0,0,49,1,1,0,149,0,0,0,0,0,0,0,19,1
850,596,153,148,29,0,1,0,0,1,74,195,0,0,137,1,1,1,29,1,0,0,0,0,0,0,530,0
851,324,96,91,5,0,0,0,0,0,146,0,0,0,100,1,1,0,141,0,0,0,0,0,0,0,22,1
852,202,70,66,2,0,0,0,0,0,120,0,0,0,92,1,1,0,73,0,0,0,0,0,0,0,331,1
853,78,43,41,3,0,0,0,0,0,93,0,1,1,87,1,1,0,62,0,0,0,0,0,0,0,597,1
854,596,153,148,29,0,1,0,0,1,301,33,0,0,137,1,1,1,29,1,0,0,0,0,0,0,422,0
855,596,153,148,29,0,1,0,0,1,174,72,0,0,137,1,1,1,29,1,0,0,0,0,0,0,288,0
856,9,9,8,0,0,0,0,0,0,59,0,1,1,88,1,1,0,131,0,0,0,0,0,0,0,317,1
857,596,153,148,29,0,1,0,0,1,250,93,0,0,137,1,1,1,29,1,0,0,0,0,0,0,44,0
858,596,153,148,29,0,1,0,0,1,208,194,0,0,137,1,1,1,29,1,0,0,0,0,0,0,586,0
859,109,51,48,2,0,0,0,0,0,101,0,0,0,108,1,1,0,58,0,0,0,0,0,0,0,551,1
860,596,153,148,29,0,1,0,0,1,112,60,0,0,137,1,1,1,29,1,0,0,0,0,0,0,256,0
861,206,71,67,3,0,0,0,0,0,121,0,0,0,83,1,1,0,48,0,0,0,0,0,0,0,421,1
862,596,153,148,29,0,1,0,0,1,336,1,0,0,137,1,1,1,29,1,0,0,0,0,0,0,290,0
863,596,153,148,29,0,1,0,0,1,125,107,0,0,137,1,1,1,29,1,0,0,0,0,0,0,433,0
864,584,147,142,29,0,0,0,0,0,4,0,0,0,13,1,1,0,9,0,0,0,0,0,0,0,436,1
865,596,153,148,29,0,1,0,0,1,25,66,0,0,137,1,1,1,29,1,0,0,0,0,0,0,40,0
866,351,102,96,6,0,0,0,0,0,152,0,0,0,89,1,1,0,22,0,0,0,0,0,0,0,354,1
867,360,104,98,7,0,0,0,0,0,154,0,0,0,75,1,1,0,100,0,0,0,0,0,0,0,574,1
868,4,4,3,0,0,0,0,0,0,54,0,1,1,78,1,1,0,32,0,0,0,0,0,0,0,243,1
869,397,115,109,6,0,0,0,0,0,165,0,0,0,104,1,1,0,80,0,0,0,0,0,0,0,377,1
870,596,153,148,29,0,1,0,0,1,201,231,0,0,137,1,1,1,29,1,0,0,0,0,0,0,543,0
871,245,78,74,5,0,0,0,0,0,128,0,0,0,33,1,1,0,5,0,0,0,0,0,0,0,192,1
872,596,153,148,29,0,1,0,0,1,359,84,0,0,137,1,1,1,29,1,0,0,0,0,0,0,269,0
873,86,45,43,1,0,0,0,0,0,95,9,0,0,141,1,1,2,145,1,0,0,1,0,0,1,82,1
874,596,153,148,29,0,1,0,0,1,398,71,0,0,137,1,1,1,29,1,0,0,0,0,0,0,10,0
875,445,130,123,15,0,0,0,0,0,2,0,0,0,105,1,1,0,59,0,0,0,0,0,0,0,52,1
876,596,153,148,29,0,1,0,0,1,340,77,0,0,137,1,1,1,29,1,0,0,0,0,0,0,85,0
877,596,153,148,29,0,1,0,0,1,16,119,0,0,137,1,1,1,29,1,0,0,0,0,0,0,215,0
878,530,140,133,16,0,0,0,0,0,12,0,1,1,5,1,1,0,150,0,0,0,0,0,0,0,316,1
879,381,110,104,6,0,0,0,0,0,160,0,0,0,118,1,1,0,40,0,0,0,0,0,0,0,55,1
880,596,153,148,29,0,1,0,0,1,372,91,0,0,137,1,1,1,29,1,0,0,0,0,0,0,214,0
881,156,62,58,4,0,0,0,0,0,112,0,0,0,36,1,1,0,37,0,0,0,0,0,0,0,280,1
882,307,93,88,4,0,0,0,0,0,143,0,0,0,142,1,1,0,78,0,0,0,0,0,0,0,121,1
883,315,94,89,8,0,0,0,0,0,144,0,0,0,51,1,1,0,128,0,0,0,0,0,0,0,37,1
884,107,50,47,0,0,0,0,0,0,100,0,0,0,119,1,1,0,47,0,0,0,0,0,0,0,278,1
885,80,43,41,1,0,0,0,0,0,93,0,0,0,87,1,1,0,62,0,0,0,0,0,0,0,597,1
886,158,62,58,1,0,0,0,0,0,112,0,0,0,36,1,1,0,37,0,0,0,0,0,0,0,280,1
887,596,153,148,29,0,1,0,0,1,218,102,0,0,137,1,1,1,29,1,0,0,0,0,0,0,498,0
888,75,42,40,1,0,0,0,0,0,92,0,0,0,28,1,1,0,107,0,0,0,0,0,0,0,314,1
889,596,153,148,29,0,1,0,0,1,95,199,0,0,137,1,1,1,29,1,0,0,0,0,0,0,500,0
890,596,153,148,29,0,1,0,0,1,262,156,0,0,137,1,1,1,29,1,0,0,0,0,0,0,84,0
891,457,131,124,12,0,0,0,0,0,3,0,0,0,39,1,1,0,137,0,0,0,0,0,0,0,572,1
892,110,51,48,0,0,0,0,0,0,101,0,0,0,108,1,1,0,58,0,0,0,0,0,0,0,551,1
893,167,64,60,2,0,0,0,0,0,114,0,0,0,103,1,1,0,113,0,0,0,0,0,0,0,163,1
894,596,153,148,29,0,1,0,0,1,46,174,0,0,137,1,1,1,29,1,0,0,0,0,0,0,74,0
895,596,153,148,29,0,1,0,0,1,142,85,0,0,137,1,1,1,29,1,0,0,0,0,0,0,195,0
896,84,44,42,3,0,0,0,0,0,94,0,1,1,149,1,1,0,121,0,0,0,0,0,0,0,452,1
897,596,153,148,29,0,1,0,0,1,245,76,0,0,137,1,1,1,29,1,0,0,0,0,0,0,341,0
898,223,74,70,3,0,0,0,0,0,124,0,0,0,126,1,1,0,68,0,0,0,0,0,0,0,482,1
899,434,129,122,12,0,0,0,0,0,1,0,0,0,37,1,1,0,34,0,0,0,0,0,0,0,555,1
900,225,74,70,4,0,0,0,0,0,124,0,0,0,126,1,1,0,68,0,0,0,0,0,0,0,482,1
901,551,142,134,15,0,0,0,0,0,14,0,0,0,8,1,1,0,21,0,0,0,0,0,0,0,356,1
902,353,103,97,7,0,0,0,0,0,153,0,0,0,31,1,1,0,54,0,0,0,0,0,0,0,456,1
903,42,34,33,2,0,0,0,0,0,84,0,0,0,62,1,1,0,50,0,0,0,0,0,0,0,438,1
904,565,143,138,23,0,0,0,0,0,0,122,0,0,122,1,1,8,90,5,0,0,6,0,0,5,24,1
905,314,94,89,5,0,0,0,0,0,144,0,0,0,51,1,1,0,128,0,0,0,0,0,0,0,37,1
906,596,153,148,29,0,1,0,0,1,72,170,0,0,137,1,1,1,29,1,0,0,0,0,0,0,348,0
907,50,36,34,0,0,0,0,0,0,86,0,0,0,27,1,1,0,45,0,0,0,0,0,0,0,237,1
908,596,153,148,29,0,1,0,0,1,133,70,0,0,137,1,1,1,29,1,0,0,0,0,0,0,474,0
909,207,71,67,6,0,0,0,0,0,121,0,1,1,83,1,1,0,48,0,0,0,0,0,0,0,421,1
910,596,153,148,29,0,1,0,0,1,139,157,0,0,137,1,1,1,29,1,0,0,0,0,0,0,515,0
911,157,62,58,2,0,0,0,0,0,112,0,0,0,36,1,1,0,37,0,0,0,0,0,0,0,280,1
912,596,153,148,29,0,1,0,0,1,454,20,0,0,137,1,1,1,29,1,0,0,0,0,0,0,190,0
913,533,140,133,14,0,0,0,0,0,12,0,0,0,5,1,1,0,150,0,0,0,0,0,0,0,316,1
914,73,42,40,3,0,0,0,0,0,92,0,1,1,28,1,1,0,107,0,0,0,0,0,0,0,314,1
915,318,95,90,4,0,0,0,0,0,145,0,0,0,32,1,1,0,92,0,0,0,0,0,0,0,484,1
916,298,91,86,7,0,0,0,0,0,141,0,0,0,148,1,1,0,93,0,0,0,0,0,0,0,101,1
917,262,82,78,6,0,0,0,0,0,132,0,1,1,21,1,1,0,0,0,0,0,0,0,0,0,21,1
918,596,153,148,29,0,1,0,0,1,376,64,0,0,137,1,1,1,29,1,0,0,0,0,0,0,111,0
919,193,68,64,5,0,0,0,0,0,118,0,0,0,57,1,1,0,20,0,0,0,0,0,0,0,239,1
920,327,97,92,5,0,0,0,0,0,147,0,0,0,43,1,1,0,61,0,0,0,0,0,0,0,120,0
921,596,153,148,29,0,1,0,0,1,232,133,0,0,137,1,1,1,29,1,0,0,0,0,0,0,208,0
922,596,153,148,29,0,1,0,0,1,453,22,0,0,137,1,1,1,29,1,0,0,0,0,0,0,471,0
923,103,49,46,1,0,0,0,0,0,99,0,0,0,53,1,1,0,104,0,0,0,0,0,0,0,457,1
924,82,44,42,2,0,0,0,0,0,94,0,0,0,149,1,1,0,121,0,0,0,0,0,0,0,452,1
925,596,153,148,29,0,1,0,0,1,404,162,0,0,137,1,1,1,29,1,0,0,0,0,0,0,394,0
926,17,17,16,0,0,0,0,0,0,67,0,1,1,60,1,1,0,28,0,0,0,0,0,0,0,400,1
927,596,153,148,29,0,1,0,0,1,305,133,0,0,137,1,1,1,29,1,0,0,0,0,0,0,362,0
928,436,129,122,16,0,0,0,0,0,1,0,1,1,37,1,1,0,34,0,0,0,0,0,0,0,555,1
929,596,153,148,29,0,1,0,0,1,85,178,0,0,137,1,1,1,29,1,0,0,0,0,0,0,272,0
930,596,153,148,29,0,1,0,0,1,251,138,0,0,137,1,1,1,29,1,0,0,0,0,0,0,33,0
931,361,105,99,5,0,0,0,0,0,155,0,0,0,91,1,1,0,65,0,0,0,0,0,0,0,508,0
932,596,153,148,29,0,1,0,0,1,368,72,0,0,137,1,1,1,29,1,0,0,0,0,0,0,227,0
933,23,23,22,0,0,0,0,0,0,73,0,1,1,63,1,1,0,124,0,0,0,0,0,0,0,6,1
934,58,38,36,2,0,0,0,0,0,88,0,0,0,134,1,1,0,110,0,0,0,0,0,0,0,39,1
935,121,54,51,3,0,0,0,0,0,104,0,1,1,80,1,1,0,152,0,0,0,0,0,0,0,439,1
936,296,91,86,4,0,0,0,0,0,141,0,0,0,148,1,1,0,93,0,0,0,0,0,0,0,101,1
937,596,153,148,29,0,1,0,0,1,338,80,0,0,137,1,1,1,29,1,0,0,0,0,0,0,537,0
938,385,111,105,8,0,0,0,0,0,161,0,0,0,101,1,1,0,23,0,0,0,0,0,0,0,455,1
939,134,57,54,1,0,0,0,0,0,107,0,0,0,65,1,1,0,133,0,0,0,0,0,0,0,240,1
940,596,153,148,29,0,1,0,0,1,359,84,0,0,137,1,1,1,29,1,0,0,0,0,0,0,269,0
941,596,153,148,29,0,1,0,0,1,129,90,0,0,137,1,1,1,29,1,0,0,0,0,0,0,60,0
942,124,54,51,1,0,0,0,0,0,104,0,0,0,80,1,1,0,152,0,0,0,0,0,0,0,439,1
943,596,153,148,29,0,1,0,0,1,296,34,0,0,137,1,1,1,29,1,0,0,0,0,0,0,275,0
944,347,101,95,7,0,0,0,0,0,151,0,0,0,26,1,1,0,114,0,0,0,0,0,0,0,553,1
945,26,26,25,0,1,2,0,0,2,76,50,0,0,153,0,0,4,151,4,0,0,2,0,0,2,335,0
946,596,153,148,29,0,1,0,0,1,394,123,0,0,137,1,1,1,29,1,0,0,0,0,0,0,466,0
947,596,153,148,29,0,1,0,0,1,172,73,0,0,137,1,1,1,29,1,0,0,0,0,0,0,407,0
948,127,55,52,1,0,0,0,0,0,105,0,0,0,152,1,1,0,87,0,0,0,0,0,0,0,557,1
949,596,153,148,29,0,1,0,0,1,285,86,0,0,137,1,1,1,29,1,0,0,0,0,0,0,270,0
950,396,115,109,8,0,0,0,0,0,165,0,0,0,104,1,1,0,80,0,0,0,0,0,0,0,377,1
951,239,77,73,2,0,0,0,0,0,127,0,0,0,107,1,1,0,49,0,0,0,0,0,0,0,276,1
952,596,153,148,29,0,1,0,0,1,335,68,0,0,137,1,1,1,29,1,0,0,0,0,0,0,511,0
953,596,153,148,29,0,1,0,0,1,206,112,0,0,137,1,1,1,29,1,0,0,0,0,0,0,391,0
954,28,28,27,0,0,0,0,0,0,78,0,1,1,48,1,1,0,112,0,0,0,0,0,0,0,596,1
955,596,153,148,29,0,1,0,0,1,313,222,0,0,137,1,1,1,29,1,0,0,0,0,0,0,594,0
956,596,153,148,29,0,1,0,0,1,456,23,0,0,137,1,1,1,29,1,0,0,0,0,0,0,582,0
957,379,109,103,5,0,0,0,0,0,159,0,0,0,71,1,1,0,139,0,0,0,0,0,0,0,527,1
958,596,153,148,29,0,1,0,0,1,22,132,0,0,137,1,1,1,29,1,0,0,0,0,0,0,344,0
959,79,43,41,2,0,0,0,0,0,93,0,0,0,87,1,1,0,62,0,0,0,0,0,0,0,597,0
960,455,131,124,16,0,0,0,0,0,3,0,1,1,39,1,1,0,137,0,0,0,0,0,0,0,572,1
961,593,152,147,29,0,0,0,0,0,9,0,0,0,144,1,1,0,35,0,0,0,0,0,0,0,107,1
962,596,153,148,29,0,1,0,0,1,44,124,0,0,137,1,1,1,29,1,0,0,0,0,0,0,180,0
963,25,25,24,0,0,0,0,0,0,75,0,1,1,110,1,1,0,96,0,0,0,0,0,0,0,123,1
964,596,153,148,29,0,1,0,0,1,298,196,0,0,137,1,1,1,29,1,0,0,0,0,0,0,71,0
965,361,105,99,5,0,0,0,0,0,155,0,0,0,91,1,1,0,65,0,0,0,0,0,0,0,508,1
966,596,153,148,29,0,1,0,0,1,408,206,0,0,137,1,1,1,29,1,0,0,0,0,0,0,191,0
967,555,143,138,26,0,0,0,0,0,0,122,0,0,122,1,1,8,90,5,0,0,6,0,0,5,24,1
968,43,34,33,0,0,0,0,0,0,84,0,0,0,62,1,1,0,50,0,0,0,0,0,0,0,438,1
969,596,153,148,29,0,1,0,0,1,166,82,0,0,137,1,1,1,29,1,0,0,0,0,0,0,224,0
970,97,48,45,3,0,0,0,0,0,98,0,1,1,132,1,1,0,4,0,0,0,0,0,0,0,105,1
971,596,153,148,29,0,1,0,0,1,121,64,0,0,137,1,1,1,29,1,0,0,0,0,0,0,248,0
972,106,50,47,2,0,0,0,0,0,100,0,0,0,119,1,1,0,47,0,0,0,0,0,0,0,278,1
973,547,142,134,13,0,0,0,0,0,14,0,0,0,8,1,1,0,21,0,0,0,0,0,0,0,356,1
974,441,129,122,13,0,0,0,0,0,1,0,0,0,37,1,1,0,34,0,0,0,0,0,0,0,555,1
975,532,140,133,15,0,0,0,0,0,12,0,0,0,5,1,1,0,150,0,0,0,0,0,0,0,316,1
976,596,153,148,29,0,1,0,0,1,182,62,0,0,137,1,1,1,29,1,0,0,0,0,0,0,245,0
977,90,46,43,3,0,0,0,0,0,96,0,1,1,73,1,1,0,95,0,0,0,0,0,0,0,79,1
978,424,126,119,8,0,0,0,0,0,176,0,0,0,99,1,1,0,31,0,0,0,0,0,0,0,54,1
979,141,60,56,5,0,0,0,0,0,110,0,0,0,138,1,1,0,106,0,0,0,0,0,0,0,480,1
980,596,153,148,29,0,1,0,0,1,238,141,0,0,137,1,1,1,29,1,0,0,0,0,0,0,441,0
981,85,45,43,0,0,0,0,0,0,95,9,0,0,141,1,1,2,145,1,0,0,1,0,0,1,82,1
982,596,153,148,29,0,1,0,0,1,235,102,0,0,137,1,1,1,29,1,0,0,0,0,0,0,188,0
983,596,153,148,29,0,1,0,0,1,243,71,0,0,137,1,1,1,29,1,0,0,0,0,0,0,25,0
984,207,71,67,6,0,0,0,0,0,121,0,1,1,83,1,1,0,48,0,0,0,0,0,0,0,421,1
985,579,145,140,29,0,0,0,0,0,2,0,0,0,115,1,1,0,76,0,0,0,0,0,0,0,53,1
986,596,153,148,29,0,1,0,0,1,221,147,0,0,137,1,1,1,29,1,0,0,0,0,0,0,184,0
987,596,153,148,29,0,1,0,0,1,253,76,0,0,137,1,1,1,29,1,0,0,0,0,0,0,469,1
988,400,116,110,8,0,0,0,0,0,166,0,0,0,7,1,1,0,14,0,0,0,0,0,0,0,236,1
989,580,145,140,29,0,0,0,0,0,2,0,0,0,115,1,1,0,76,0,0,0,0,0,0,0,53,1
990,596,153,148,29,0,1,0,0,1,68,181,0,0,137,1,1,1,29,1,0,0,0,0,0,0,327,0
991,596,153,148,29,0,1,0,0,1,282,57,0,0,137,1,1,1,29,1,0,0,0,0,0,0,124,0
992,596,153,148,29,0,1,0,0,1,42,135,0,0,137,1,1,1,29,1,0,0,0,0,0,0,92,0
993,596,153,148,29,0,1,0,0,1,233,25,0,0,137,1,1,1,29,1,0,0,0,0,0,0,253,0
994,596,153,148,29,0,1,0,0,1,101,218,0,0,137,1,1,1,29,1,0,0,0,0,0,0,132,0
995,596,153,148,29,0,1,0,0,1,374,60,0,0,137,1,1,1,29,1,0,0,0,0,0,0,229,0
996,465,132,125,15,0,0,0,0,0,4,0,0,0,10,1,1,0,82,0,0,0,0,0,0,0,435,1
997,563,143,138,24,0,0,0,0,0,0,122,0,0,122,1,1,8,90,5,0,0,6,0,0,5,24,1
998,596,153,148,29,0,1,0,0,1,167,74,0,0,137,1,1,1,29,1,0,0,0,0,0,0,521,0
999,544,141,134,13,0,0,0,0,0,13,14,0,0,70,1,1,2,132,1,0,0,1,0,0,1,481,1
1000,3,3,2,0,0,0,0,0,0,53,0,1,1,140,1,1,0,33,0,0,0,0,0,0,0,552,1
1001,596,153,148,29,0,1,0,0,1,109,78,0,0,137,1,1,1,29,1,0,0,0,0,0,0,3,0
1002,361,105,99,5,0,0,0,0,0,155,0,0,0,91,1,1,0,65,0,0,0,0,0,0,0,508,0
1003,537,141,134,15,0,0,0,0,0,13,14,0,0,70,1,1,2,132,1,0,0,1,0,0,1,481,1
1004,596,153,148,29,0,1,0,0,1,175,52,0,0,137,1,1,1,29,1,0,0,0,0,0,0,414,0
1005,596,153,148,29,0,1,0,0,1,234,140,0,0,137,1,1,1,29,1,0,0,0,0,0,0,496,0
1006,276,86,82,5,0,0,0,0,0,136,0,0,0,121,1,1,0,53,0,0,0,0,0,0,0,279,1
1007,113,52,49,1,0,0,0,0,0,102,0,0,0,4,1,1,0,77,0,0,0,0,0,0,0,56,1
1008,269,84,80,6,0,0,0,0,0,134,0,1,1,102,1,1,0,41,0,0,0,0,0,0,0,299,1
1009,294,90,85,8,0,0,0,0,0,140,0,0,0,22,1,1,0,118,0,0,0,0,0,0,0,77,1
1010,221,74,70,2,0,0,0,0,0,124,0,0,0,126,1,1,0,68,0,0,0,0,0,0,0,482,1
1011,596,153,148,29,0,1,0,0,1,173,163,0,0,137,1,1,1,29,1,0,0,0,0,0,0,403,0
1012,596,153,148,29,0,1,0,0,1,50,111,0,0,137,1,1,1,29,1,0,0,0,0,0,0,153,0
1013,596,153,148,29,0,1,0,0,1,308,114,0,0,137,1,1,1,29,1,0,0,0,0,0,0,41,0
1014,596,153,148,29,0,1,0,0,1,110,151,0,0,137,1,1,1,29,1,0,0,0,0,0,0,152,0
1015,337,99,94,6,0,0,0,0,0,149,0,0,0,82,1,1,0,99,0,0,0,0,0,0,0,376,1
1016,529,140,133,16,0,0,0,0,0,12,0,1,1,5,1,1,0,150,0,0,0,0,0,0,0,316,1
1017,104,49,46,2,0,0,0,0,0,99,0,0,0,53,1,1,0,104,0,0,0,0,0,0,0,457,1
1018,596,153,148,29,0,1,0,0,1,108,78,0,0,137,1,1,1,29,1,0,0,0,0,0,0,87,0
1019,596,153,148,29,0,1,0,0,1,415,177,0,0,137,1,1,1,29,1,0,0,0,0,0,0,343,0
1020,423,126,119,7,0,0,0,0,0,176,0,0,0,99,1,1,0,31,0,0,0,0,0,0,0,54,0
1021,502,136,129,13,0,0,0,0,0,8,0,0,0,58,1,1,0,144,0,0,0,0,0,0,0,102,1
1022,596,153,148,29,0,1,0,0,1,45,112,0,0,137,1,1,1,29,1,0,0,0,0,0,0,517,0
1023,305,92,87,6,0,0,0,0,0,142,0,0,0,17,1,1,0,153,0,0,0,0,0,0,0,575,1
1024,418,123,117,7,0,0,0,0,0,173,13,0,0,55,1,1,2,15,1,0,0,1,0,0,1,194,1
1025,596,153,148,29,0,1,0,0,1,379,101,0,0,137,1,1,1,29,1,0,0,0,0,0,0,221,0
1026,596,153,148,29,0,1,0,0,1,90,177,0,0,137,1,1,1,29,1,0,0,0,0,0,0,234,0
1027,596,153,148,29,0,1,0,0,1,214,117,0,0,137,1,1,1,29,1,0,0,0,0,0,0,522,0
1028,351,102,96,6,0,0,0,0,0,152,0,0,0,89,1,1,0,22,0,0,0,0,0,0,0,354,1
1029,596,153,148,29,0,1,0,0,1,130,216,0,0,137,1,1,1,29,1,0,0,0,0,0,0,386,0
1030,176,65,61,5,0,0,0,0,0,115,0,0,0,98,1,1,0,55,0,0,0,0,0,0,0,217,1
1031,596,153,148,29,0,1,0,0,1,300,223,0,0,137,1,1,1,29,1,0,0,0,0,0,0,83,0
1032,596,153,148,29,0,1,0,0,1,78,173,0,0,137,1,1,1,29,1,0,0,0,0,0,0,177,0
1033,112,51,48,3,0,0,0,0,0,101,0,1,1,108,1,1,0,58,0,0,0,0,0,0,0,551,1
1034,596,153,148,29,0,1,0,0,1,283,132,0,0,137,1,1,1,29,1,0,0,0,0,0,0,353,0
1035,199,69,65,1,0,0,0,0,0,119,0,0,0,74,1,1,0,64,0,0,0,0,0,0,0,355,1
1036,226,75,71,3,0,0,0,0,0,125,0,0,0,64,1,1,0,109,0,0,0,0,0,0,0,145,1
1037,392,113,107,7,0,0,0,0,0,163,0,0,0,15,1,1,0,8,0,0,0,0,0,0,0,554,0
1038,596,153,148,29,0,1,0,0,1,162,61,0,0,137,1,1,1,29,1,0,0,0,0,0,0,201,0
1039,306,93,88,5,0,0,0,0,0,143,0,0,0,142,1,1,0,78,0,0,0,0,0,0,0,121,1
1040,177,66,62,6,0,0,0,0,0,116,0,1,1,35,1,1,0,69,0,0,0,0,0,0,0,300,1
1041,162,63,59,6,0,0,0,0,0,113,0,1,1,20,1,1,0,140,0,0,0,0,0,0,0,485,1
1042,335,98,93,4,0,0,0,0,0,148,0,0,0,125,1,1,0,17,0,0,0,0,0,0,0,20,1
1043,464,132,125,16,0,0,0,0,0,4,0,1,1,10,1,1,0,82,0,0,0,0,0,0,0,435,1
1044,596,153,148,29,0,1,0,0,1,306,157,0,0,137,1,1,1,29,1,0,0,0,0,0,0,261,0
1045,596,153,148,29,0,1,0,0,1,343,58,0,0,137,1,1,1,29,1,0,0,0,0,0,0,588,0
1046,234,76,72,6,0,0,0,0,0,126,0,1,1,135,1,1,0,85,0,0,0,0,0,0,0,119,1
1047,325,96,91,7,0,0,0,0,0,146,0,0,0,100,1,1,0,141,0,0,0,0,0,0,0,22,1
1048,203,70,66,6,0,0,0,0,0,120,0,1,1,92,1,1,0,73,0,0,0,0,0,0,0,331,1
1049,590,150,145,29,0,0,0,0,0,7,0,0,0,0,1,1,0,125,0,0,0,0,0,0,0,381,1
1050,2,2,2,0,0,0,0,0,0,52,12,1,1,68,1,1,2,39,1,0,0,1,0,0,1,486,1
1051,596,153,148,29,0,1,0,0,1,364,75,0,0,137,1,1,1,29,1,0,0,0,0,0,0,109,0
1052,594,152,147,29,0,0,0,0,0,9,0,0,0,144,1,1,0,35,0,0,0,0,0,0,0,107,1
1053,596,153,148,29,0,1,0,0,1,425,138,0,0,137,1,1,1,29,1,0,0,0,0,0,0,424,0
1054,596,153,148,29,0,1,0,0,1,47,115,0,0,137,1,1,1,29,1,0,0,0,0,0,0,478,0
1055,171,65,61,1,0,0,0,0,0,115,0,0,0,98,1,1,0,55,0,0,0,0,0,0,0,217,1
1056,596,153,148,29,0,1,0,0,1,433,230,0,0,137,1,1,1,29,1,0,0,0,0,0,0,430,0
1057,50,36,34,0,0,0,0,0,0,86,0,0,0,27,1,1,0,45,0,0,0,0,0,0,0,237,1
1058,438,129,122,15,0,0,0,0,0,1,0,0,0,37,1,1,0,34,0,0,0,0,0,0,0,555,1
1059,415,122,116,7,0,0,0,0,0,172,0,0,0,19,1,1,0,6,0,0,0,0,0,0,0,526,1
1060,596,153,148,29,0,1,0,0,1,333,127,0,0,137,1,1,1,29,1,0,0,0,0,0,0,446,0
1061,362,105,99,6,0,0,0,0,0,155,0,0,0,91,1,1,0,65,0,0,0,0,0,0,0,508,1
1062,372,107,101,8,0,0,0,0,0,157,0,0,0,133,1,1,0,135,0,0,0,0,0,0,0,401,1
1063,387,112,106,7,0,0,0,0,0,162,0,0,0,41,1,1,0,63,0,0,0,0,0,0,0,122,1
1064,482,134,127,14,0,0,0,0,0,6,0,0,0,69,1,1,0,46,0,0,0,0,0,0,0,34,1
1065,146,60,56,1,0,0,0,0,0,110,0,0,0,138,1,1,0,106,0,0,0,0,0,0,0,480,1
1066,266,83,79,6,0,0,0,0,0,133,0,1,1,66,1,1,0,117,0,0,0,0,0,0,0,374,1
1067,596,153,148,29,0,1,0,0,1,240,106,0,0,137,1,1,1,29,1,0,0,0,0,0,0,563,0
1068,78,43,41,3,0,0,0,0,0,93,0,1,1,87,1,1,0,62,0,0,0,0,0,0,0,597,1
1069,485,134,127,13,0,0,0,0,0,6,0,0,0,69,1,1,0,46,0,0,0,0,0,0,0,34,1
1070,596,153,148,29,0,1,0,0,1,187,144,0,0,137,1,1,1,29,1,0,0,0,0,0,0,32,0
1071,38,33,32,0,0,0,0,0,0,83,0,0,0,130,1,1,0,43,0,0,0,0,0,0,0,358,1
1072,328,97,92,8,0,0,0,0,0,147,0,0,0,43,1,1,0,61,0,0,0,0,0,0,0,120,1
1073,101,49,46,0,0,0,0,0,0,99,0,0,0,53,1,1,0,104,0,0,0,0,0,0,0,457,1
1074,354,103,97,5,0,0,0,0,0,153,0,0,0,31,1,1,0,54,0,0,0,0,0,0,0,456,1
1075,173,65,61,3,0,0,0,0,0,115,0,0,0,98,1,1,0,55,0,0,0,0,0,0,0,217,1
1076,231,76,72,5,0,0,0,0,0,126,0,0,0,135,1,1,0,85,0,0,0,0,0,0,0,119,1
1077,596,153,148,29,0,1,0,0,1,244,104,0,0,137,1,1,1,29,1,0,0,0,0,0,0,175,0
1078,364,105,99,8,0,0,0,0,0,155,0,0,0,91,1,1,0,65,0,0,0,0,0,0,0,508,0
1079,54,37,35,2,0,0,0,0,0,87,0,0,0,47,1,1,0,130,0,0,0,0,0,0,0,336,1
1080,144,60,56,3,0,0,0,0,0,110,0,0,0,138,1,1,0,106,0,0,0,0,0,0,0,480,1
1081,273,85,81,4,0,0,0,0,0,135,0,0,0,25,1,1,0,75,0,0,0,0,0,0,0,375,1
1082,154,62,58,5,0,0,0,0,0,112,0,0,0,36,1,1,0,37,0,0,0,0,0,0,0,280,1
1083,57,38,36,1,0,0,0,0,0,88,0,0,0,134,1,1,0,110,0,0,0,0,0,0,0,39,0
1084,303,92,87,8,0,0,0,0,0,142,0,0,0,17,1,1,0,153,0,0,0,0,0,0,0,575,1
1085,184,67,63,2,0,0,0,0,0,117,0,0,0,145,1,1,0,89,0,0,0,0,0,0,0,147,1
1086,448,130,123,16,0,0,0,0,0,2,0,1,1,105,1,1,0,59,0,0,0,0,0,0,0,52,1
1087,26,26,25,0,1,2,0,0,2,76,50,0,0,153,0,0,4,151,4,0,0,2,0,0,2,335,0
1088,7,7,6,0,0,0,0,0,0,57,0,1,1,14,1,1,0,42,0,0,0,0,0,0,0,164,1
1089,596,153,148,29,0,1,0,0,1,207,118,0,0,137,1,1,1,29,1,0,0,0,0,0,0,131,0
1090,317,95,90,8,0,0,0,0,0,145,0,0,0,32,1,1,0,92,0,0,0,0,0,0,0,484,1
1091,596,153,148,29,0,1,0,0,1,304,15,0,0,137,1,1,1,29,1,0,0,0,0,0,0,292,0
1092,596,153,148,29,0,1,0,0,1,18,202,0,0,137,1,1,1,29,1,0,0,0,0,0,0,9,0
1093,536,140,133,14,0,0,0,0,0,12,0,0,0,5,1,1,0,150,0,0,0,0,0,0,0,316,1
1094,596,153,148,29,0,1,0,0,1,439,190,0,0,137,1,1,1,29,1,0,0,0,0,0,0,178,0
1095,596,153,148,29,0,1,0,0,1,246,111,0,0,137,1,1,1,29,1,0,0,0,0,0,0,431,0
1096,556,143,136,18,0,0,0,0,0,0,35,0,0,122,1,1,4,90,3,0,0,4,0,0,3,24,1
1097,596,153,148,29,0,1,0,0,1,430,167,0,0,137,1,1,1,29,1,0,0,0,0,0,0,396,0
1098,200,69,65,3,0,0,0,0,0,119,0,0,0,74,1,1,0,64,0,0,0,0,0,0,0,355,1
1099,22,22,21,0,0,0,0,0,0,72,0,1,1,52,1,1,0,126,0,0,0,0,0,0,0,357,1
1100,596,153,148,29,0,1,0,0,1,442,21,0,0,137,1,1,1,29,1,0,0,0,0,0,0,370,0
1101,596,153,148,29,0,1,0,0,1,164,57,0,0,137,1,1,1,29,1,0,0,0,0,0,0,204,0
1102,596,153,148,29,0,1,0,0,1,414,233,0,0,137,1,1,1,29,1,0,0,0,0,0,0,449,0
1103,596,153,148,29,0,1,0,0,1,191,80,0,0,137,1,1,1,29,1,0,0,0,0,0,0,110,0
1104,377,109,103,8,0,0,0,0,0,159,0,0,0,71,1,1,0,139,0,0,0,0,0,0,0,527,1
1105,583,147,142,29,0,0,0,0,0,4,0,0,0,13,1,1,0,9,0,0,0,0,0,0,0,436,1
1106,479,133,126,14,0,0,0,0,0,5,0,0,0,113,1,1,0,91,0,0,0,0,0,0,0,148,1
1107,596,153,148,29,0,1,0,0,1,215,109,0,0,137,1,1,1,29,1,0,0,0,0,0,0,114,0
1108,251,80,76,5,0,0,0,0,0,130,0,0,0,46,1,1,0,142,0,0,0,0,0,0,0,144,1
1109,552,142,134,16,0,0,0,0,0,14,0,1,1,8,1,1,0,21,0,0,0,0,0,0,0,356,1
1110,246,79,75,2,0,0,0,0,0,129,0,0,0,114,1,1,0,123,0,0,0,0,0,0,0,148,1
1111,596,153,148,29,0,1,0,0,1,444,212,0,0,137,1,1,1,29,1,0,0,0,0,0,0,116,0
1112,12,12,11,0,0,0,0,0,0,62,0,1,1,9,1,1,0,26,0,0,0,0,0,0,0,356,0
1113,217,73,69,3,0,0,0,0,0,123,0,0,0,56,1,1,0,38,0,0,0,0,0,0,0,397,1
1114,596,153,148,29,0,1,0,0,1,143,60,0,0,137,1,1,1,29,1,0,0,0,0,0,0,534,0
1115,149,61,57,2,0,0,0,0,0,111,0,0,0,117,1,1,0,84,0,0,0,0,0,0,0,277,1
1116,542,141,134,14,0,0,0,0,0,13,14,0,0,70,1,1,2,132,1,0,0,1,0,0,1,481,1
1117,287,89,84,3,0,0,0,0,0,139,0,0,0,3,1,1,0,79,0,0,0,0,0,0,0,398,1
1118,425,127,120,8,0,0,0,0,0,177,0,0,0,116,1,1,0,111,0,0,0,0,0,0,0,332,1
1119,596,153,148,29,0,1,0,0,1,116,74,0,0,137,1,1,1,29,1,0,0,0,0,0,0,58,0
1120,596,153,148,29,0,1,0,0,1,468,91,0,0,137,1,1,1,29,1,0,0,0,0,0,0,490,0
1121,596,153,148,29,0,1,0,0,1,217,159,0,0,137,1,1,1,29,1,0,0,0,0,0,0,442,0
1122,466,132,125,14,0,0,0,0,0,4,0,0,0,10,1,1,0,82,0,0,0,0,0,0,0,435,1
1123,545,142,134,15,0,0,0,0,0,14,0,0,0,8,1,1,0,21,0,0,0,0,0,0,0,356,1
1124,596,153,148,29,0,1,0,0,1,253,76,0,0,137,1,1,1,29,1,0,0,0,0,0,0,469,0
1125,596,153,148,29,0,1,0,0,1,229,57,0,0,137,1,1,1,29,1,0,0,0,0,0,0,170,0
1126,596,153,148,29,0,1,0,0,1,149,73,0,0,137,1,1,1,29,1,0,0,0,0,0,0,340,0
1127,373,108,102,5,0,0,0,0,0,158,0,0,0,123,1,1,0,115,0,0,0,0,0,0,0,104,1
1128,414,121,115,7,0,0,0,0,0,171,0,0,0,16,1,1,0,56,0,0,0,0,0,0,0,505,1
1129,596,153,148,29,0,1,0,0,1,190,56,0,0,137,1,1,1,29,1,0,0,0,0,0,0,350,0
1130,596,153,148,29,0,1,0,0,1,429,125,0,0,137,1,1,1,29,1,0,0,0,0,0,0,476,0
1131,343,100,95,7,0,0,0,0,0,150,11,0,0,72,1,1,2,70,1,0,0,1,0,0,1,118,0
1132,28,28,27,0,0,0,0,0,0,78,0,1,1,48,1,1,0,112,0,0,0,0,0,0,0,596,1
1133,596,153,148,29,0,1,0,0,1,413,202,0,0,137,1,1,1,29,1,0,0,0,0,0,0,488,0
1134,252,80,76,6,0,0,0,0,0,130,0,1,1,46,1,1,0,142,0,0,0,0,0,0,0,144,1
1135,26,26,25,0,1,2,0,0,2,76,50,0,0,153,0,0,4,151,4,0,0,2,0,0,2,335,0
1136,354,103,97,5,0,0,0,0,0,153,0,0,0,31,1,1,0,54,0,0,0,0,0,0,0,456,0
1137,561,143,136,19,0,0,0,0,0,0,35,0,0,122,1,1,4,90,3,0,0,4,0,0,3,24,1
1138,596,153,148,29,0,1,0,0,1,111,59,0,0,137,1,1,1,29,1,0,0,0,0,0,0,96,0
1139,57,38,36,1,0,0,0,0,0,88,0,0,0,134,1,1,0,110,0,0,0,0,0,0,0,39,1
1140,311,94,89,4,0,0,0,0,0,144,0,0,0,51,1,1,0,128,0,0,0,0,0,0,0,37,1
1141,357,104,98,8,0,0,0,0,0,154,0,0,0,75,1,1,0,100,0,0,0,0,0,0,0,574,1
1142,174,65,61,6,0,0,0,0,0,115,0,1,1,98,1,1,0,55,0,0,0,0,0,0,0,217,1
1143,92,46,43,1,0,0,0,0,0,96,0,0,0,73,1,1,0,95,0,0,0,0,0,0,0,79,1
1144,589,150,145,29,0,0,0,0,0,7,0,0,0,0,1,1,0,125,0,0,0,0,0,0,0,381,1
1145,40,33,32,2,0,0,0,0,0,83,0,0,0,130,1,1,0,43,0,0,0,0,0,0,0,358,1
1146,527,139,132,13,0,0,0,0,0,11,0,0,0,128,1,1,0,74,0,0,0,0,0,0,0,218,1
1147,587,149,144,29,0,0,0,0,0,6,0,0,0,79,1,1,0,120,0,0,0,0,0,0,0,35,1
1148,596,153,148,29,0,1,0,0,1,147,79,0,0,137,1,1,1,29,1,0,0,0,0,0,0,166,0
1149,311,94,89,4,0,0,0,0,0,144,0,0,0,51,1,1,0,128,0,0,0,0,0,0,0,37,1
1150,491,135,128,16,0,0,0,0,0,7,0,1,1,12,1,1,0,19,0,0,0,0,0,0,0,380,1
1151,364,105,99,8,0,0,0,0,0,155,0,0,0,91,1,1,0,65,0,0,0,0,0,0,0,508,1
1152,596,153,148,29,0,1,0,0,1,209,228,0,0,137,1,1,1,29,1,0,0,0,0,0,0,310,0
1153,596,153,148,29,0,1,0,0,1,71,205,0,0,137,1,1,1,29,1,0,0,0,0,0,0,289,0
1154,486,134,127,13,0,0,0,0,0,6,0,0,0,69,1,1,0,46,0,0,0,0,0,0,0,34,1
1155,382,110,104,7,0,0,0,0,0,160,0,0,0,118,1,1,0,40,0,0,0,0,0,0,0,55,1
1156,596,153,148,29,0,1,0,0,1,195,78,0,0,137,1,1,1,29,1,0,0,0,0,0,0,313,0
1157,297,91,86,6,0,0,0,0,0,141,0,0,0,148,1,1,0,93,0,0,0,0,0,0,0,101,1
1158,293,90,85,7,0,0,0,0,0,140,0,0,0,22,1,1,0,118,0,0,0,0,0,0,0,77,1
1159,596,153,148,29,0,1,0,0,1,464,67,0,0,137,1,1,1,29,1,0,0,0,0,0,0,384,0
1160,501,136,129,14,0,0,0,0,0,8,0,0,0,58,1,1,0,144,0,0,0,0,0,0,0,102,1
1161,147,61,57,3,0,0,0,0,0,111,0,0,0,117,1,1,0,84,0,0,0,0,0,0,0,277,1
1162,596,153,148,29,0,1,0,0,1,36,91,0,0,137,1,1,1,29,1,0,0,0,0,0,0,42,0
1163,473,133,126,15,0,0,0,0,0,5,0,0,0,113,1,1,0,91,0,0,0,0,0,0,0,148,1
1164,424,126,119,8,0,0,0,0,0,176,0,0,0,99,1,1,0,31,0,0,0,0,0,0,0,54,1
1165,26,26,25,0,1,2,0,0,2,76,50,0,0,153,0,0,4,151,4,0,0,2,0,0,2,335,0
1166,428,128,121,10,0,0,0,0,0,0,121,0,0,120,1,1,8,60,5,0,0,6,0,0,5,23,1
1167,344,100,95,5,0,0,0,0,0,150,11,0,0,72,1,1,2,70,1,0,0,1,0,0,1,118,1
1168,394,114,108,8,0,0,0,0,0,164,0,0,0,151,1,1,0,146,0,0,0,0,0,0,0,241,1
1169,581,146,141,29,0,0,0,0,0,3,0,0,0,42,1,1,0,86,0,0,0,0,0,0,0,573,1
1170,168,64,60,4,0,0,0,0,0,114,0,0,0,103,1,1,0,113,0,0,0,0,0,0,0,163,1
1171,596,153,148,29,0,1,0,0,1,459,5,0,0,137,1,1,1,29,1,0,0,0,0,0,0,143,0
1172,596,153,148,29,0,1,0,0,1,354,82,0,0,137,1,1,1,29,1,0,0,0,0,0,0,28,0
1173,62,39,37,3,0,0,0,0,0,89,0,1,1,139,1,1,0,101,0,0,0,0,0,0,0,333,1
1174,596,153,148,29,0,1,0,0,1,425,138,0,0,137,1,1,1,29,1,0,0,0,0,0,0,424,0
1175,596,153,148,29,0,1,0,0,1,34,203,0,0,137,1,1,1,29,1,0,0,0,0,0,0,66,0
1176,0,0,0,0,0,0,0,0,0,50,0,1,1,2,1,1,0,98,0,0,0,0,0,0,0,595,1
1177,401,116,110,6,0,0,0,0,0,166,0,0,0,7,1,1,0,14,0,0,0,0,0,0,0,236,1
1178,336,99,94,5,0,0,0,0,0,149,0,0,0,82,1,1,0,99,0,0,0,0,0,0,0,376,1
1179,71,41,39,0,0,0,0,0,0,91,0,0,0,127,1,1,0,97,0,0,0,0,0,0,0,507,1
1180,453,131,124,15,0,0,0,0,0,3,0,0,0,39,1,1,0,137,0,0,0,0,0,0,0,572,1
1181,247,79,75,3,0,0,0,0,0,129,0,0,0,114,1,1,0,123,0,0,0,0,0,0,0,148,1
1182,596,153,148,29,0,1,0,0,1,168,53,0,0,137,1,1,1,29,1,0,0,0,0,0,0,493,0
1183,596,153,148,29,0,1,0,0,1,450,77,0,0,137,1,1,1,29,1,0,0,0,0,0,0,423,0
1184,385,111,105,8,0,0,0,0,0,161,0,0,0,101,1,1,0,23,0,0,0,0,0,0,0,455,1
1185,369,107,101,6,0,0,0,0,0,157,0,0,0,133,1,1,0,135,0,0,0,0,0,0,0,401,1
1186,442,129,122,13,0,0,0,0,0,1,0,0,0,37,1,1,0,34,0,0,0,0,0,0,0,555,1
1187,596,153,148,29,0,1,0,0,1,325,75,0,0,137,1,1,1,29,1,0,0,0,0,0,0,69,0
1188,596,153,148,29,0,1,0,0,1,228,69,0,0,137,1,1,1,29,1,0,0,0,0,0,0,197,0
1189,131,56,53,2,0,0,0,0,0,106,0,0,0,77,1,1,0,138,0,0,0,0,0,0,0,146,1
1190,596,153,148,29,0,1,0,0,1,48,76,0,0,137,1,1,1,29,1,0,0,0,0,0,0,89,0
1191,325,96,91,7,0,0,0,0,0,146,0,0,0,100,1,1,0,141,0,0,0,0,0,0,0,22,1
1192,596,153,148,29,0,1,0,0,1,344,75,0,0,137,1,1,1,29,1,0,0,0,0,0,0,338,0
1193,596,153,148,29,0,1,0,0,1,363,99,0,0,137,1,1,1,29,1,0,0,0,0,0,0,462,0
1194,596,153,148,29,0,1,0,0,1,18,202,0,0,137,1,1,1,29,1,0,0,0,0,0,0,9,0
1195,596,153,148,29,0,1,0,0,1,341,138,0,0,137,1,1,1,29,1,0,0,0,0,0,0,533,0
1196,596,153,148,29,0,1,0,0,1,293,93,0,0,137,1,1,1,29,1,0,0,0,0,0,0,583,0
1197,33,32,31,3,0,0,0,0,0,82,0,1,1,54,1,1,0,52,0,0,0,0,0,0,0,598,1
1198,596,153,148,29,0,1,0,0,1,131,77,0,0,137,1,1,1,29,1,0,0,0,0,0,0,210,0
1199,596,153,148,29,0,1,0,0,1,426,169,0,0,137,1,1,1,29,1,0,0,0,0,0,0,385,0
1200,120,53,50,0,0,0,0,0,0,103,0,0,0,11,1,1,0,1,0,0,0,0,0,0,0,506,1
1201,596,153,148,29,0,1,0,0,1,176,27,0,0,137,1,1,1,29,1,0,0,0,0,0,0,233,0
1202,500,136,129,13,0,0,0,0,0,8,0,0,0,58,1,1,0,144,0,0,0,0,0,0,0,102,1
1203,461,131,124,12,0,0,0,0,0,3,0,0,0,39,1,1,0,137,0,0,0,0,0,0,0,572,1
1204,593,152,147,29,0,0,0,0,0,9,0,0,0,144,1,1,0,35,0,0,0,0,0,0,0,107,0
1205,263,83,79,3,0,0,0,0,0,133,0,0,0,66,1,1,0,117,0,0,0,0,0,0,0,374,1
1206,212,72,68,2,0,0,0,0,0,122,0,0,0,49,1,1,0,149,0,0,0,0,0,0,0,19,1
1207,329,97,92,7,0,0,0,0,0,147,0,0,0,43,1,1,0,61,0,0,0,0,0,0,0,120,1
1208,340,99,94,4,0,0,0,0,0,149,0,0,0,82,1,1,0,99,0,0,0,0,0,0,0,376,1
1209,596,153,148,29,0,1,0,0,1,20,105,0,0,137,1,1,1,29,1,0,0,0,0,0,0,222,0
1210,596,153,148,29,0,1,0,0,1,271,41,0,0,137,1,1,1,29,1,0,0,0,0,0,0,549,0
1211,227,75,71,5,0,0,0,0,0,125,0,0,0,64,1,1,0,109,0,0,0,0,0,0,0,145,1
1212,301,92,87,7,0,0,0,0,0,142,0,0,0,17,1,1,0,153,0,0,0,0,0,0,0,575,1
1213,451,130,123,13,0,0,0,0,0,2,0,0,0,105,1,1,0,59,0,0,0,0,0,0,0,52,1
1214,60,38,36,3,0,0,0,0,0,88,0,1,1,134,1,1,0,110,0,0,0,0,0,0,0,39,1
1215,596,153,148,29,0,1,0,0,1,242,73,0,0,137,1,1,1,29,1,0,0,0,0,0,0,86,0
1216,399,116,110,7,0,0,0,0,0,166,0,0,0,7,1,1,0,14,0,0,0,0,0,0,0,236,1
1217,312,94,89,6,0,0,0,0,0,144,0,0,0,51,1,1,0,128,0,0,0,0,0,0,0,37,1
1218,319,95,90,7,0,0,0,0,0,145,0,0,0,32,1,1,0,92,0,0,0,0,0,0,0,484,1
1219,299,91,86,5,0,0,0,0,0,141,0,0,0,148,1,1,0,93,0,0,0,0,0,0,0,101,1
1220,164,63,59,4,0,0,0,0,0,113,0,0,0,20,1,1,0,140,0,0,0,0,0,0,0,485,1
1221,465,132,125,15,0,0,0,0,0,4,0,0,0,10,1,1,0,82,0,0,0,0,0,0,0,435,1
1222,596,153,148,29,0,1,0,0,1,312,94,0,0,137,1,1,1,29,1,0,0,0,0,0,0,160,1
1223,596,153,148,29,0,1,0,0,1,385,201,0,0,137,1,1,1,29,1,0,0,0,0,0,0,303,0
1224,596,153,148,29,0,1,0,0,1,228,69,0,0,137,1,1,1,29,1,0,0,0,0,0,0,197,1
1225,596,153,148,29,0,1,0,0,1,48,76,0,0,137,1,1,1,29,1,0,0,0,0,0,0,89,1
1226,596,153,148,29,0,1,0,0,1,344,75,0,0,137,1,1,1,29,1,0,0,0,0,0,0,338,1
1227,596,153,148,29,0,1,0,0,1,363,99,0,0,137,1,1,1,29,1,0,0,0,0,0,0,462,1
1228,596,153,148,29,0,1,0,0,1,18,202,0,0,137,1,1,1,29,1,0,0,0,0,0,0,9,1
1229,596,153,148,29,0,1,0,0,1,341,138,0,0,137,1,1,1,29,1,0,0,0,0,0,0,533,1
1230,596,153,148,29,0,1,0,0,1,293,93,0,0,137,1,1,1,29,1,0,0,0,0,0,0,583,1
1231,596,153,148,29,0,1,0,0,1,131,77,0,0,137,1,1,1,29,1,0,0,0,0,0,0,210,1
1232,596,153,148,29,0,1,0,0,1,426,169,0,0,137,1,1,1,29,1,0,0,0,0,0,0,385,1
1233,596,153,148,29,0,1,0,0,1,176,27,0,0,137,1,1,1,29,1,0,0,0,0,0,0,233,1
1234,593,152,147,29,0,0,0,0,0,9,0,0,0,144,1,1,0,35,0,0,0,0,0,0,0,107,1
1235,596,153,148,29,0,1,0,0,1,20,105,0,0,137,1,1,1,29,1,0,0,0,0,0,0,222,1
1236,596,153,148,29,0,1,0,0,1,271,41,0,0,137,1,1,1,29,1,0,0,0,0,0,0,549,1
1237,596,153,148,29,0,1,0,0,1,242,73,0,0,137,1,1,1,29,1,0,0,0,0,0,0,86,0
1238,596,153,148,29,0,1,0,0,1,385,201,0,0,137,1,1,1,29,1,0,0,0,0,0,0,303,0
1239,596,153,148,29,0,1,0,0,1,18,202,0,0,137,1,1,1,29,1,0,0,0,0,0,0,9,0
1240,596,153,148,29,0,1,0,0,1,341,138,0,0,137,1,1,1,29,1,0,0,0,0,0,0,533,0
1241,596,153,148,29,0,1,0,0,1,293,93,0,0,137,1,1,1,29,1,0,0,0,0,0,0,583,0
1242,596,153,148,29,0,1,0,0,1,131,77,0,0,137,1,1,1,29,1,0,0,0,0,0,0,210,0
1243,596,153,148,29,0,1,0,0,1,426,169,0,0,137,1,1,1,29,1,0,0,0,0,0,0,385,0
1244,596,153,148,29,0,1,0,0,1,176,27,0,0,137,1,1,1,29,1,0,0,0,0,0,0,233,0
1245,593,152,147,29,0,0,0,0,0,9,0,0,0,144,1,1,0,35,0,0,0,0,0,0,0,107,0
1246,596,153,148,29,0,1,0,0,1,20,105,0,0,137,1,1,1,29,1,0,0,0,0,0,0,222,0
1247,596,153,148,29,0,1,0,0,1,271,41,0,0,137,1,1,1,29,1,0,0,0,0,0,0,549,0
1248,596,153,148,29,0,1,0,0,1,242,73,0,0,137,1,1,1,29,1,0,0,0,0,0,0,86,0
1249,596,153,148,29,0,1,0,0,1,385,201,0,0,137,1,1,1,29,1,0,0,0,0,0,0,303,0
1250,596,153,148,29,0,1,0,0,1,228,69,0,0,137,1,1,1,29,1,0,0,0,0,0,0,197,1
1251,596,153,148,29,0,1,0,0,1,48,76,0,0,137,1,1,1,29,1,0,0,0,0,0,0,89,1
1252,596,153,148,29,0,1,0,0,1,344,75,0,0,137,1,1,1,29,1,0,0,0,0,0,0,338,1
1253,596,153,148,29,0,1,0,0,1,363,99,0,0,137,1,1,1,29,1,0,0,0,0,0,0,462,1
1254,596,153,148,29,0,1,0,0,1,18,202,0,0,137,1,1,1,29,1,0,0,0,0,0,0,9,1
1255,596,153,148,29,0,1,0,0,1,341,138,0,0,137,1,1,1,29,1,0,0,0,0,0,0,533,1
1256,596,153,148,29,0,1,0,0,1,293,93,0,0,137,1,1,1,29,1,0,0,0,0,0,0,583,1
1257,596,153,148,29,0,1,0,0,1,131,77,0,0,137,1,1,1,29,1,0,0,0,0,0,0,210,1
1258,596,153,148,29,0,1,0,0,1,426,169,0,0,137,1,1,1,29,1,0,0,0,0,0,0,385,1
1259,596,153,148,29,0,1,0,0,1,176,27,0,0,137,1,1,1,29,1,0,0,0,0,0,0,233,1
1260,593,152,147,29,0,0,0,0,0,9,0,0,0,144,1,1,0,35,0,0,0,0,0,0,0,107,1
1261,596,153,148,29,0,1,0,0,1,20,105,0,0,137,1,1,1,29,1,0,0,0,0,0,0,222,1
1262,596,153,148,29,0,1,0,0,1,271,41,0,0,137,1,1,1,29,1,0,0,0,0,0,0,549,1
