,Unnamed: 0,destination.bytes,destination.packets,event.duration,network.bytes,network.packets,source.bytes,source.packets,Binary
0,794,56,1,8040.0,132,2,74,1,0
1,794,56,1,6340.0,132,2,74,1,0
2,794,56,1,7190.0,132,2,74,1,0
3,559,0,0,0.0,74,1,74,1,1
4,92,0,0,0.0,74,1,74,1,1
5,794,56,1,6580.0,132,2,74,1,0
6,623,0,0,0.0,74,1,74,1,1
7,794,56,1,7140.0,132,2,74,1,0
8,794,56,1,7760.0,132,2,74,1,0
9,659,0,0,1026257300.0,148,2,148,2,1
10,154,0,0,0.0,74,1,74,1,1
11,794,56,1,6720.0,132,2,74,1,0
12,794,56,1,6540.0,132,2,74,1,0
13,794,56,1,7180.0,132,2,74,1,0
14,570,0,0,0.0,74,1,74,1,1
15,794,56,1,6230.0,132,2,74,1,0
16,794,56,1,7520.0,132,2,74,1,0
17,204,0,0,0.0,74,1,74,1,1
18,496,0,0,0.0,74,1,74,1,1
19,794,56,1,6320.0,132,2,74,1,0
20,794,56,1,9940.0,132,2,74,1,0
21,794,56,1,6290.0,132,2,74,1,0
22,484,0,0,0.0,74,1,74,1,1
23,794,56,1,7230.0,132,2,74,1,0
24,664,0,0,1026257300.0,148,2,148,2,1
25,794,56,1,6360.0,132,2,74,1,1
26,794,56,1,6390.0,132,2,74,1,0
27,386,0,0,0.0,74,1,74,1,1
28,79,0,0,0.0,74,1,74,1,1
29,399,0,0,0.0,74,1,74,1,1
30,285,0,0,0.0,74,1,74,1,1
31,794,56,1,6180.0,132,2,74,1,0
32,86,0,0,0.0,74,1,74,1,1
33,512,0,0,0.0,74,1,74,1,1
34,634,0,0,0.0,74,1,74,1,1
35,394,0,0,0.0,74,1,74,1,1
36,794,56,1,23900.0,132,2,74,1,0
37,794,56,1,23500.0,132,2,74,1,0
38,100,0,0,0.0,74,1,74,1,0
39,507,0,0,0.0,74,1,74,1,1
40,627,0,0,0.0,74,1,74,1,1
41,794,56,1,6360.0,132,2,74,1,0
42,608,0,0,0.0,74,1,74,1,1
43,794,56,1,7360.0,132,2,74,1,0
44,180,0,0,0.0,74,1,74,1,1
45,210,0,0,0.0,74,1,74,1,1
46,94,116,2,507400.0,370,6,254,4,0
47,794,56,1,6330.0,132,2,74,1,0
48,794,56,1,6160.0,132,2,74,1,0
49,794,56,1,8050.0,132,2,74,1,0
50,276,0,0,0.0,74,1,74,1,1
51,311,0,0,0.0,74,1,74,1,1
52,248,0,0,0.0,74,1,74,1,1
53,794,56,1,6400.0,132,2,74,1,0
54,150,0,0,0.0,74,1,74,1,0
55,642,0,0,0.0,74,1,74,1,1
56,794,56,1,7750.0,132,2,74,1,0
57,291,0,0,0.0,74,1,74,1,1
58,794,56,1,6420.0,132,2,74,1,0
59,794,56,1,13490.0,132,2,74,1,0
60,794,56,1,7940.0,132,2,74,1,0
61,794,56,1,7880.0,132,2,74,1,0
62,173,0,0,0.0,74,1,74,1,1
63,79,0,0,0.0,74,1,74,1,1
64,305,0,0,0.0,74,1,74,1,1
65,794,56,1,8160.0,132,2,74,1,0
66,794,56,1,6390.0,132,2,74,1,0
67,794,56,1,7130.0,132,2,74,1,0
68,74,0,0,0.0,74,1,74,1,1
69,794,56,1,6260.0,132,2,74,1,0
70,794,56,1,6280.0,132,2,74,1,0
71,346,0,0,0.0,74,1,74,1,1
72,794,56,1,6330.0,132,2,74,1,0
73,214,0,0,0.0,74,1,74,1,1
74,241,0,0,0.0,74,1,74,1,1
75,147,0,0,0.0,74,1,74,1,1
76,195,0,0,0.0,74,1,74,1,1
77,262,0,0,0.0,74,1,74,1,1
78,597,0,0,0.0,74,1,74,1,1
79,794,56,1,7070.0,132,2,74,1,0
80,794,56,1,6230.0,132,2,74,1,0
81,94,116,2,507400.0,370,6,254,4,0
82,794,56,1,19560.0,132,2,74,1,0
83,114,0,0,0.0,74,1,74,1,1
84,71,0,0,0.0,74,1,74,1,1
85,456,0,0,0.0,74,1,74,1,1
86,793,0,0,0.0,74,1,74,1,1
87,794,56,1,6340.0,132,2,74,1,0
88,118,0,0,0.0,74,1,74,1,1
89,214,0,0,0.0,74,1,74,1,1
90,576,0,0,0.0,74,1,74,1,1
91,495,0,0,0.0,74,1,74,1,1
92,794,56,1,6370.0,132,2,74,1,0
93,794,56,1,6850.0,132,2,74,1,0
94,395,0,0,0.0,74,1,74,1,1
95,181,0,0,0.0,74,1,74,1,1
96,457,0,0,0.0,74,1,74,1,1
97,794,56,1,6290.0,132,2,74,1,0
98,794,56,1,6350.0,132,2,74,1,0
99,780,0,0,0.0,74,1,74,1,1
100,109,0,0,0.0,74,1,74,1,1
101,794,56,1,6880.0,132,2,74,1,0
102,240,0,0,0.0,74,1,74,1,1
103,137,0,0,0.0,74,1,74,1,1
104,794,56,1,6250.0,132,2,74,1,0
105,794,56,1,6240.0,132,2,74,1,0
106,157,0,0,0.0,74,1,74,1,1
107,472,0,0,0.0,74,1,74,1,1
108,624,0,0,0.0,74,1,74,1,1
109,794,56,1,6320.0,132,2,74,1,0
110,569,0,0,0.0,74,1,74,1,1
111,794,56,1,9040.0,132,2,74,1,0
112,641,0,0,0.0,74,1,74,1,1
113,619,0,0,0.0,74,1,74,1,1
114,794,56,1,6300.0,132,2,74,1,0
115,794,56,1,7250.0,132,2,74,1,0
116,794,56,1,14510.0,132,2,74,1,0
117,216,0,0,1014320000.0,148,2,148,2,1
118,94,116,2,507400.0,370,6,254,4,0
119,794,56,1,9670.0,132,2,74,1,0
120,172,0,0,0.0,74,1,74,1,1
121,794,56,1,6360.0,132,2,74,1,0
122,226,0,0,0.0,74,1,74,1,1
123,794,56,1,7340.0,132,2,74,1,0
124,794,56,1,6570.0,132,2,74,1,0
125,638,0,0,0.0,74,1,74,1,1
126,471,0,0,0.0,74,1,74,1,1
127,794,56,1,8120.0,132,2,74,1,0
128,515,0,0,63780419600.0,518,7,518,7,1
129,794,56,1,6340.0,132,2,74,1,0
130,794,56,1,6400.0,132,2,74,1,0
131,101,0,0,0.0,74,1,74,1,1
132,794,56,1,7440.0,132,2,74,1,0
133,794,56,1,6150.0,132,2,74,1,0
134,794,56,1,6270.0,132,2,74,1,0
135,492,0,0,0.0,74,1,74,1,1
136,794,56,1,8220.0,132,2,74,1,0
137,794,56,1,6930.0,132,2,74,1,0
138,493,0,0,0.0,74,1,74,1,1
139,794,56,1,7710.0,132,2,74,1,0
140,794,56,1,8920.0,132,2,74,1,0
141,794,56,1,6240.0,132,2,74,1,0
142,77,0,0,0.0,74,1,74,1,1
143,633,0,0,0.0,74,1,74,1,0
144,312,0,0,0.0,74,1,74,1,1
145,794,56,1,8630.0,132,2,74,1,0
146,138,0,0,0.0,74,1,74,1,1
147,290,0,0,0.0,74,1,74,1,1
148,122,0,0,0.0,74,1,74,1,1
149,256,0,0,0.0,74,1,74,1,1
150,310,0,0,0.0,74,1,74,1,1
151,589,0,0,0.0,74,1,74,1,1
152,794,56,1,7330.0,132,2,74,1,0
153,794,56,1,6830.0,132,2,74,1,0
154,192,0,0,0.0,74,1,74,1,1
155,186,0,0,0.0,74,1,74,1,1
156,794,56,1,11080.0,132,2,74,1,0
157,794,56,1,6140.0,132,2,74,1,0
158,794,56,1,8700.0,132,2,74,1,0
159,160,0,0,0.0,74,1,74,1,1
160,419,0,0,0.0,74,1,74,1,1
161,794,56,1,7420.0,132,2,74,1,0
162,794,56,1,9020.0,132,2,74,1,0
163,479,0,0,0.0,74,1,74,1,1
164,670,0,0,0.0,74,1,74,1,1
165,794,56,1,6340.0,132,2,74,1,0
166,282,0,0,0.0,74,1,74,1,1
167,794,56,1,6230.0,132,2,74,1,0
168,328,0,0,0.0,74,1,74,1,1
169,144,0,0,0.0,74,1,74,1,1
170,218,0,0,1014320000.0,148,2,148,2,1
171,402,0,0,0.0,74,1,74,1,1
172,140,0,0,0.0,74,1,74,1,1
173,794,56,1,8680.0,132,2,74,1,0
174,794,56,1,6490.0,132,2,74,1,0
175,370,0,0,0.0,74,1,74,1,1
176,520,0,0,63780419600.0,518,7,518,7,1
177,452,0,0,0.0,74,1,74,1,1
178,138,0,0,0.0,74,1,74,1,1
179,381,0,0,0.0,74,1,74,1,1
180,794,56,1,6370.0,132,2,74,1,0
181,794,56,1,12800.0,132,2,74,1,0
182,669,0,0,0.0,74,1,74,1,1
183,659,0,0,1026257300.0,148,2,148,2,1
184,408,0,0,0.0,74,1,74,1,1
185,275,0,0,0.0,74,1,74,1,1
186,794,56,1,7370.0,132,2,74,1,0
187,136,0,0,0.0,74,1,74,1,1
188,273,0,0,0.0,74,1,74,1,1
189,291,0,0,0.0,74,1,74,1,1
190,271,0,0,0.0,74,1,74,1,1
191,217,0,0,1014320000.0,148,2,148,2,1
192,168,0,0,1021578700.0,148,2,148,2,1
193,76,0,0,0.0,74,1,74,1,1
194,78,0,0,0.0,74,1,74,1,1
195,794,56,1,6380.0,132,2,74,1,0
196,615,0,0,0.0,74,1,74,1,1
197,196,0,0,0.0,74,1,74,1,1
198,794,56,1,8220.0,132,2,74,1,0
199,794,56,1,6350.0,132,2,74,1,0
200,794,56,1,6640.0,132,2,74,1,0
201,126,0,0,1011414100.0,148,2,148,2,1
202,508,0,0,0.0,74,1,74,1,1
203,474,0,0,0.0,74,1,74,1,1
204,794,56,1,6340.0,132,2,74,1,0
205,794,56,1,6360.0,132,2,74,1,0
206,462,0,0,0.0,74,1,74,1,1
207,490,0,0,0.0,74,1,74,1,1
208,794,56,1,6340.0,132,2,74,1,0
209,457,0,0,0.0,74,1,74,1,0
210,654,0,0,0.0,74,1,74,1,1
211,794,56,1,6440.0,132,2,74,1,0
212,84,0,0,0.0,74,1,74,1,1
213,132,0,0,0.0,74,1,74,1,1
214,441,0,0,0.0,74,1,74,1,1
215,403,0,0,0.0,74,1,74,1,1
216,794,56,1,7020.0,132,2,74,1,0
217,475,0,0,0.0,74,1,74,1,1
218,595,0,0,0.0,74,1,74,1,1
219,592,0,0,0.0,74,1,74,1,0
220,794,56,1,6440.0,132,2,74,1,0
221,286,0,0,0.0,74,1,74,1,1
222,553,0,0,0.0,74,1,74,1,1
223,664,0,0,1026257300.0,148,2,148,2,0
224,794,56,1,8620.0,132,2,74,1,0
225,794,56,1,6420.0,132,2,74,1,0
226,794,56,1,6530.0,132,2,74,1,0
227,435,0,0,0.0,74,1,74,1,1
228,794,56,1,6240.0,132,2,74,1,0
229,794,56,1,7960.0,132,2,74,1,0
230,794,56,1,6400.0,132,2,74,1,0
231,603,0,0,0.0,74,1,74,1,1
232,89,0,0,0.0,74,1,74,1,1
233,266,0,0,0.0,74,1,74,1,0
234,467,0,0,0.0,74,1,74,1,1
235,794,56,1,8160.0,132,2,74,1,0
236,364,0,0,0.0,74,1,74,1,1
237,661,0,0,1026257300.0,148,2,148,2,1
238,731,0,0,64707347900.0,518,7,518,7,1
239,127,0,0,1011414100.0,148,2,148,2,1
240,784,0,0,0.0,74,1,74,1,1
241,449,0,0,0.0,74,1,74,1,1
242,794,56,1,6880.0,132,2,74,1,0
243,579,0,0,0.0,74,1,74,1,1
244,794,56,1,7420.0,132,2,74,1,0
245,794,56,1,8410.0,132,2,74,1,0
246,794,56,1,7950.0,132,2,74,1,0
247,182,0,0,0.0,74,1,74,1,1
248,604,0,0,0.0,74,1,74,1,1
249,610,0,0,0.0,74,1,74,1,1
250,336,0,0,0.0,74,1,74,1,1
251,440,0,0,0.0,74,1,74,1,1
252,794,56,1,6220.0,132,2,74,1,0
253,794,56,1,6490.0,132,2,74,1,0
254,782,0,0,0.0,74,1,74,1,1
255,342,0,0,0.0,74,1,74,1,1
256,715,0,0,64707347900.0,518,7,518,7,1
257,794,56,1,9060.0,132,2,74,1,0
258,259,0,0,0.0,74,1,74,1,1
259,794,56,1,6400.0,132,2,74,1,0
260,794,56,1,6510.0,132,2,74,1,0
261,794,56,1,8010.0,132,2,74,1,0
262,413,0,0,0.0,74,1,74,1,1
263,794,56,1,6310.0,132,2,74,1,0
264,351,0,0,0.0,74,1,74,1,1
265,580,0,0,0.0,74,1,74,1,1
266,134,0,0,0.0,74,1,74,1,1
267,794,56,1,8810.0,132,2,74,1,0
268,794,56,1,6890.0,132,2,74,1,0
269,471,0,0,0.0,74,1,74,1,1
270,282,0,0,0.0,74,1,74,1,1
271,201,0,0,0.0,74,1,74,1,1
272,247,0,0,0.0,74,1,74,1,1
273,794,56,1,6590.0,132,2,74,1,0
274,794,56,1,6360.0,132,2,74,1,0
275,406,0,0,0.0,74,1,74,1,1
276,794,56,1,6800.0,132,2,74,1,0
277,447,0,0,0.0,74,1,74,1,1
278,121,0,0,0.0,74,1,74,1,1
279,794,56,1,6250.0,132,2,74,1,0
280,457,0,0,0.0,74,1,74,1,1
281,399,0,0,0.0,74,1,74,1,1
282,213,0,0,0.0,74,1,74,1,1
283,559,0,0,0.0,74,1,74,1,1
284,794,56,1,6430.0,132,2,74,1,0
285,794,56,1,6490.0,132,2,74,1,0
286,616,0,0,0.0,74,1,74,1,1
287,794,56,1,6270.0,132,2,74,1,0
288,794,56,1,6190.0,132,2,74,1,0
289,791,0,0,0.0,74,1,74,1,0
290,576,0,0,0.0,74,1,74,1,0
291,558,0,0,0.0,74,1,74,1,1
292,716,0,0,15330620200.0,370,5,370,5,0
293,87,0,0,0.0,74,1,74,1,1
294,794,56,1,7140.0,132,2,74,1,0
295,187,0,0,0.0,74,1,74,1,1
296,269,0,0,0.0,74,1,74,1,1
297,794,56,1,7070.0,132,2,74,1,0
298,505,0,0,0.0,74,1,74,1,1
299,794,56,1,8220.0,132,2,74,1,0
300,728,0,0,31610901600.0,444,6,444,6,1
301,794,56,1,6380.0,132,2,74,1,0
302,736,0,0,64707347900.0,518,7,518,7,1
303,794,56,1,17710.0,132,2,74,1,0
304,662,0,0,1026257300.0,148,2,148,2,1
305,794,56,1,10860.0,132,2,74,1,0
306,625,0,0,0.0,74,1,74,1,1
307,294,0,0,0.0,74,1,74,1,1
308,99,0,0,0.0,74,1,74,1,1
309,794,56,1,7270.0,132,2,74,1,0
310,794,56,1,6310.0,132,2,74,1,0
311,560,0,0,0.0,74,1,74,1,1
312,428,0,0,1025743500.0,148,2,148,2,1
313,794,56,1,6270.0,132,2,74,1,0
314,794,56,1,6150.0,132,2,74,1,0
315,350,0,0,0.0,74,1,74,1,1
316,451,0,0,0.0,74,1,74,1,1
317,794,56,1,7340.0,132,2,74,1,0
318,297,0,0,0.0,74,1,74,1,1
319,773,0,0,0.0,74,1,74,1,1
320,609,0,0,0.0,74,1,74,1,1
321,646,0,0,0.0,74,1,74,1,1
322,632,0,0,0.0,74,1,74,1,1
323,489,0,0,0.0,74,1,74,1,1
324,794,56,1,6550.0,132,2,74,1,0
325,794,56,1,6360.0,132,2,74,1,0
326,794,56,1,6980.0,132,2,74,1,0
327,203,0,0,0.0,74,1,74,1,1
328,794,56,1,6310.0,132,2,74,1,0
329,794,56,1,9280.0,132,2,74,1,0
330,445,0,0,0.0,74,1,74,1,1
331,794,56,1,51500.0,132,2,74,1,0
332,794,56,1,6420.0,132,2,74,1,0
333,125,0,0,0.0,74,1,74,1,1
334,794,56,1,8680.0,132,2,74,1,0
335,794,56,1,6500.0,132,2,74,1,0
336,606,0,0,0.0,74,1,74,1,1
337,446,0,0,0.0,74,1,74,1,1
338,794,56,1,6320.0,132,2,74,1,0
339,794,56,1,17050.0,132,2,74,1,0
340,643,0,0,0.0,74,1,74,1,1
341,110,0,0,0.0,74,1,74,1,1
342,232,0,0,0.0,74,1,74,1,1
343,584,0,0,0.0,74,1,74,1,1
344,94,116,2,507400.0,370,6,254,4,0
345,794,56,1,6930.0,132,2,74,1,0
346,794,56,1,6240.0,132,2,74,1,0
347,520,0,0,63780419600.0,518,7,518,7,1
348,326,0,0,0.0,74,1,74,1,1
349,628,0,0,0.0,74,1,74,1,1
350,329,0,0,0.0,74,1,74,1,1
351,335,0,0,0.0,74,1,74,1,1
352,233,0,0,0.0,74,1,74,1,1
353,794,56,1,6380.0,132,2,74,1,0
354,730,0,0,31610901600.0,444,6,444,6,1
355,794,56,1,19230.0,132,2,74,1,0
356,794,56,1,7400.0,132,2,74,1,0
357,409,0,0,0.0,74,1,74,1,1
358,794,56,1,28880.0,132,2,74,1,0
359,794,56,1,6530.0,132,2,74,1,0
360,651,0,0,0.0,74,1,74,1,1
361,794,56,1,9280.0,132,2,74,1,0
362,794,56,1,6370.0,132,2,74,1,0
363,143,0,0,0.0,74,1,74,1,1
364,794,56,1,7680.0,132,2,74,1,0
365,794,56,1,7330.0,132,2,74,1,0
366,794,56,1,7310.0,132,2,74,1,0
367,372,0,0,0.0,74,1,74,1,1
368,794,56,1,6400.0,132,2,74,1,0
369,794,56,1,8250.0,132,2,74,1,0
370,509,0,0,0.0,74,1,74,1,1
371,794,56,1,9340.0,132,2,74,1,0
372,794,0,0,0.0,74,1,74,1,1
373,369,0,0,0.0,74,1,74,1,1
374,477,0,0,0.0,74,1,74,1,1
375,794,56,1,6450.0,132,2,74,1,0
376,176,0,0,0.0,74,1,74,1,1
377,794,56,1,6490.0,132,2,74,1,0
378,592,0,0,0.0,74,1,74,1,1
379,794,56,1,6410.0,132,2,74,1,0
380,467,0,0,0.0,74,1,74,1,0
381,794,56,1,6370.0,132,2,74,1,0
382,794,56,1,11840.0,132,2,74,1,1
383,794,56,1,7520.0,132,2,74,1,0
384,794,56,1,7480.0,132,2,74,1,0
385,794,56,1,6510.0,132,2,74,1,0
386,197,0,0,0.0,74,1,74,1,1
387,376,0,0,0.0,74,1,74,1,1
388,794,56,1,9660.0,132,2,74,1,0
389,367,0,0,1022247400.0,148,2,148,2,1
390,316,0,0,0.0,74,1,74,1,1
391,343,0,0,0.0,74,1,74,1,1
392,658,0,0,1026257300.0,148,2,148,2,1
393,794,56,1,6200.0,132,2,74,1,0
394,794,56,1,6460.0,132,2,74,1,0
395,794,56,1,7550.0,132,2,74,1,0
396,432,0,0,0.0,74,1,74,1,1
397,794,56,1,7720.0,132,2,74,1,0
398,442,0,0,0.0,74,1,74,1,1
399,794,56,1,6280.0,132,2,74,1,0
400,786,0,0,0.0,74,1,74,1,1
401,420,0,0,0.0,74,1,74,1,1
402,794,56,1,6350.0,132,2,74,1,0
403,794,56,1,6180.0,132,2,74,1,0
404,645,0,0,0.0,74,1,74,1,1
405,358,0,0,0.0,74,1,74,1,1
406,470,0,0,0.0,74,1,74,1,1
407,794,56,1,6330.0,132,2,74,1,0
408,794,56,1,6390.0,132,2,74,1,0
409,120,0,0,0.0,74,1,74,1,1
410,148,0,0,0.0,74,1,74,1,1
411,794,56,1,7980.0,132,2,74,1,0
412,781,0,0,0.0,74,1,74,1,1
413,277,0,0,0.0,74,1,74,1,1
414,558,0,0,0.0,74,1,74,1,1
415,794,56,1,7920.0,132,2,74,1,0
416,88,0,0,0.0,74,1,74,1,1
417,600,0,0,0.0,74,1,74,1,1
418,575,0,0,0.0,74,1,74,1,1
419,794,56,1,7650.0,132,2,74,1,0
420,388,0,0,0.0,74,1,74,1,1
421,794,56,1,7120.0,132,2,74,1,0
422,497,0,0,0.0,74,1,74,1,1
423,734,0,0,64707347900.0,518,7,518,7,1
424,794,56,1,7050.0,132,2,74,1,0
425,253,0,0,0.0,74,1,74,1,1
426,453,0,0,0.0,74,1,74,1,1
427,219,0,0,0.0,74,1,74,1,1
428,794,56,1,13780.0,132,2,74,1,0
429,775,0,0,0.0,74,1,74,1,1
430,390,0,0,0.0,74,1,74,1,1
431,794,56,1,11040.0,132,2,74,1,0
432,576,0,0,0.0,74,1,74,1,1
433,636,0,0,0.0,74,1,74,1,1
434,733,0,0,64707347900.0,518,7,518,7,1
435,794,56,1,6290.0,132,2,74,1,0
436,345,0,0,0.0,74,1,74,1,1
437,794,56,1,10060.0,132,2,74,1,0
438,720,0,0,7162778900.0,296,4,296,4,1
439,469,0,0,0.0,74,1,74,1,1
440,794,56,1,7910.0,132,2,74,1,0
441,794,56,1,6300.0,132,2,74,1,0
442,794,56,1,6640.0,132,2,74,1,0
443,229,0,0,0.0,74,1,74,1,1
444,794,56,1,8050.0,132,2,74,1,0
445,666,0,0,0.0,74,1,74,1,1
446,794,56,1,6430.0,132,2,74,1,0
447,590,0,0,0.0,74,1,74,1,1
448,794,56,1,6520.0,132,2,74,1,0
449,149,0,0,0.0,74,1,74,1,1
450,469,0,0,0.0,74,1,74,1,1
451,794,56,1,6330.0,132,2,74,1,0
452,123,0,0,0.0,74,1,74,1,1
453,724,0,0,7162778900.0,296,4,296,4,1
454,457,0,0,0.0,74,1,74,1,1
455,518,0,0,63780419600.0,518,7,518,7,1
456,572,0,0,0.0,74,1,74,1,1
457,128,0,0,1011414100.0,148,2,148,2,1
458,261,0,0,0.0,74,1,74,1,1
459,794,56,1,6400.0,132,2,74,1,0
460,663,0,0,1026257300.0,148,2,148,2,1
461,794,56,1,6480.0,132,2,74,1,0
462,416,0,0,0.0,74,1,74,1,1
463,794,56,1,6300.0,132,2,74,1,0
464,90,0,0,0.0,74,1,74,1,1
465,582,0,0,0.0,74,1,74,1,1
466,314,0,0,0.0,74,1,74,1,1
467,794,56,1,7660.0,132,2,74,1,0
468,629,0,0,0.0,74,1,74,1,0
469,558,0,0,0.0,74,1,74,1,1
470,794,56,1,8220.0,132,2,74,1,0
471,593,0,0,0.0,74,1,74,1,1
472,223,0,0,0.0,74,1,74,1,1
473,303,0,0,0.0,74,1,74,1,1
474,588,0,0,0.0,74,1,74,1,1
475,794,56,1,7150.0,132,2,74,1,0
476,361,0,0,0.0,74,1,74,1,1
477,591,0,0,0.0,74,1,74,1,1
478,791,0,0,0.0,74,1,74,1,1
479,636,0,0,0.0,74,1,74,1,1
480,600,0,0,0.0,74,1,74,1,1
481,246,0,0,0.0,74,1,74,1,1
482,794,56,1,32271.0,132,2,74,1,0
483,794,56,1,6420.0,132,2,74,1,0
484,152,0,0,0.0,74,1,74,1,1
485,794,56,1,6180.0,132,2,74,1,0
486,794,56,1,6170.0,132,2,74,1,0
487,153,0,0,0.0,74,1,74,1,1
488,424,0,0,0.0,74,1,74,1,1
489,341,0,0,0.0,74,1,74,1,1
490,625,0,0,0.0,74,1,74,1,1
491,660,0,0,1026257300.0,148,2,148,2,1
492,145,0,0,0.0,74,1,74,1,1
493,232,0,0,0.0,74,1,74,1,1
494,155,0,0,0.0,74,1,74,1,1
495,794,56,1,7340.0,132,2,74,1,0
496,794,56,1,7050.0,132,2,74,1,0
497,154,0,0,0.0,74,1,74,1,0
498,794,56,1,7410.0,132,2,74,1,0
499,794,56,1,6200.0,132,2,74,1,0
500,794,56,1,7370.0,132,2,74,1,0
501,366,0,0,1022247400.0,148,2,148,2,1
502,794,56,1,6680.0,132,2,74,1,0
503,668,0,0,0.0,74,1,74,1,1
504,794,56,1,10220.0,132,2,74,1,0
505,502,0,0,0.0,74,1,74,1,1
506,184,0,0,0.0,74,1,74,1,1
507,117,0,0,0.0,74,1,74,1,1
508,618,0,0,0.0,74,1,74,1,1
509,635,0,0,0.0,74,1,74,1,1
510,722,0,0,64707347900.0,518,7,518,7,1
511,794,56,1,7080.0,132,2,74,1,0
512,124,0,0,0.0,74,1,74,1,1
513,794,56,1,9390.0,132,2,74,1,0
514,794,56,1,6190.0,132,2,74,1,0
515,794,56,1,7560.0,132,2,74,1,0
516,794,56,1,7470.0,132,2,74,1,0
517,375,0,0,0.0,74,1,74,1,1
518,402,0,0,0.0,74,1,74,1,1
519,158,0,0,0.0,74,1,74,1,1
520,794,56,1,6290.0,132,2,74,1,0
521,324,0,0,0.0,74,1,74,1,1
522,794,56,1,7080.0,132,2,74,1,0
523,313,0,0,0.0,74,1,74,1,1
524,69,0,0,0.0,74,1,74,1,1
525,413,0,0,0.0,74,1,74,1,1
526,233,0,0,0.0,74,1,74,1,0
527,794,144,2,29710.0,424,2,74,4,0
528,267,0,0,0.0,74,1,74,1,1
529,567,0,0,0.0,74,1,74,1,1
530,794,56,1,6560.0,132,2,74,1,0
531,413,0,0,0.0,74,1,74,1,0
532,347,0,0,0.0,74,1,74,1,1
533,614,0,0,0.0,74,1,74,1,1
534,794,56,1,8030.0,132,2,74,1,0
535,794,56,1,9510.0,132,2,74,1,0
536,146,0,0,0.0,74,1,74,1,0
537,794,56,1,6370.0,132,2,74,1,0
538,293,0,0,0.0,74,1,74,1,1
539,794,56,1,6320.0,132,2,74,1,0
540,794,56,1,6420.0,132,2,74,1,0
541,631,0,0,0.0,74,1,74,1,1
542,499,0,0,0.0,74,1,74,1,1
543,67,0,0,0.0,74,1,74,1,1
544,481,0,0,0.0,74,1,74,1,1
545,794,56,1,6250.0,132,2,74,1,0
546,309,0,0,0.0,74,1,74,1,1
547,794,56,1,17740.0,132,2,74,1,0
548,794,56,1,7200.0,132,2,74,1,1
549,461,0,0,0.0,74,1,74,1,1
550,169,0,0,1021578700.0,148,2,148,2,1
551,454,0,0,0.0,74,1,74,1,1
552,211,0,0,0.0,74,1,74,1,1
553,151,0,0,0.0,74,1,74,1,1
554,794,56,1,6930.0,132,2,74,1,0
555,100,0,0,0.0,74,1,74,1,1
556,794,56,1,96190.0,132,2,74,1,0
557,427,0,0,1025743500.0,148,2,148,2,1
558,664,0,0,1026257300.0,148,2,148,2,1
559,160,0,0,0.0,74,1,74,1,1
560,289,0,0,0.0,74,1,74,1,1
561,399,0,0,0.0,74,1,74,1,1
562,357,0,0,0.0,74,1,74,1,1
563,575,0,0,0.0,74,1,74,1,0
564,176,0,0,0.0,74,1,74,1,1
565,794,56,1,6270.0,132,2,74,1,0
566,425,0,0,0.0,74,1,74,1,1
567,368,0,0,1022247400.0,148,2,148,2,1
568,794,56,1,7940.0,132,2,74,1,0
569,794,56,1,8450.0,132,2,74,1,0
570,81,0,0,0.0,74,1,74,1,1
571,612,0,0,0.0,74,1,74,1,1
572,639,0,0,0.0,74,1,74,1,1
573,206,0,0,0.0,74,1,74,1,1
574,175,0,0,0.0,74,1,74,1,1
575,794,56,1,8470.0,132,2,74,1,0
576,354,0,0,0.0,74,1,74,1,1
577,794,56,1,7290.0,132,2,74,1,0
578,183,0,0,0.0,74,1,74,1,1
579,794,56,1,7470.0,132,2,74,1,0
580,794,56,1,6240.0,132,2,74,1,0
581,794,56,1,7320.0,132,2,74,1,0
582,207,0,0,0.0,74,1,74,1,1
583,262,0,0,0.0,74,1,74,1,1
584,189,0,0,0.0,74,1,74,1,1
585,506,0,0,0.0,74,1,74,1,1
586,244,0,0,0.0,74,1,74,1,1
587,726,0,0,15330620200.0,370,5,370,5,1
588,613,0,0,0.0,74,1,74,1,1
589,794,56,1,6400.0,132,2,74,1,0
590,322,0,0,0.0,74,1,74,1,1
591,735,0,0,64707347900.0,518,7,518,7,1
592,794,56,1,7770.0,132,2,74,1,0
593,334,0,0,0.0,74,1,74,1,1
594,378,0,0,0.0,74,1,74,1,1
595,292,0,0,0.0,74,1,74,1,1
596,794,56,1,6380.0,132,2,74,1,0
597,198,0,0,0.0,74,1,74,1,1
598,794,56,1,6290.0,132,2,74,1,0
599,794,56,1,11840.0,132,2,74,1,0
600,566,0,0,0.0,74,1,74,1,1
601,213,0,0,0.0,74,1,74,1,1
602,242,0,0,0.0,74,1,74,1,1
603,130,0,0,0.0,74,1,74,1,1
604,555,0,0,0.0,74,1,74,1,1
605,790,0,0,0.0,74,1,74,1,1
606,578,0,0,0.0,74,1,74,1,1
607,794,56,1,6230.0,132,2,74,1,0
608,794,56,1,6180.0,132,2,74,1,0
609,327,0,0,0.0,74,1,74,1,1
610,794,56,1,6420.0,132,2,74,1,1
611,794,56,1,7860.0,132,2,74,1,0
612,794,56,1,6300.0,132,2,74,1,0
613,142,0,0,0.0,74,1,74,1,1
614,598,0,0,0.0,74,1,74,1,1
615,517,0,0,63780419600.0,518,7,518,7,1
616,794,56,1,11840.0,132,2,74,1,0
617,407,0,0,0.0,74,1,74,1,1
618,491,0,0,0.0,74,1,74,1,1
619,794,56,1,6390.0,132,2,74,1,0
620,360,0,0,0.0,74,1,74,1,1
621,583,0,0,0.0,74,1,74,1,1
622,221,0,0,0.0,74,1,74,1,1
623,607,0,0,0.0,74,1,74,1,1
624,338,0,0,0.0,74,1,74,1,1
625,794,56,1,6770.0,132,2,74,1,0
626,431,0,0,0.0,74,1,74,1,1
627,574,0,0,0.0,74,1,74,1,0
628,794,56,1,6290.0,132,2,74,1,0
629,94,116,2,507400.0,370,6,254,4,0
630,260,0,0,0.0,74,1,74,1,1
631,581,0,0,0.0,74,1,74,1,1
632,162,0,0,0.0,74,1,74,1,1
633,794,56,1,6620.0,132,2,74,1,0
634,479,0,0,0.0,74,1,74,1,1
635,794,56,1,6340.0,132,2,74,1,0
636,655,0,0,0.0,74,1,74,1,1
637,794,56,1,6980.0,132,2,74,1,0
638,270,0,0,0.0,74,1,74,1,1
639,174,0,0,0.0,74,1,74,1,1
640,794,56,1,6239.0,132,2,74,1,0
641,794,56,1,7910.0,132,2,74,1,0
642,374,0,0,0.0,74,1,74,1,1
643,399,0,0,0.0,74,1,74,1,0
644,794,56,1,7020.0,132,2,74,1,0
645,794,56,1,6190.0,132,2,74,1,0
646,331,0,0,0.0,74,1,74,1,1
647,460,0,0,0.0,74,1,74,1,1
648,175,0,0,0.0,74,1,74,1,1
649,434,0,0,0.0,74,1,74,1,1
650,794,56,1,10310.0,132,2,74,1,0
651,353,0,0,0.0,74,1,74,1,1
652,794,56,1,6850.0,132,2,74,1,0
653,653,0,0,0.0,74,1,74,1,1
654,344,0,0,0.0,74,1,74,1,1
655,438,0,0,0.0,74,1,74,1,1
656,794,56,1,6520.0,132,2,74,1,1
657,412,0,0,0.0,74,1,74,1,1
658,224,0,0,0.0,74,1,74,1,1
659,440,0,0,0.0,74,1,74,1,0
660,199,0,0,0.0,74,1,74,1,1
661,794,56,1,6240.0,132,2,74,1,0
662,794,56,1,6710.0,132,2,74,1,0
663,102,0,0,0.0,74,1,74,1,1
664,240,0,0,0.0,74,1,74,1,1
665,794,56,1,6340.0,132,2,74,1,0
666,794,56,1,7470.0,132,2,74,1,0
667,220,0,0,0.0,74,1,74,1,1
668,494,0,0,0.0,74,1,74,1,1
669,794,56,1,8110.0,132,2,74,1,0
670,794,56,1,6360.0,132,2,74,1,0
671,630,0,0,0.0,74,1,74,1,1
672,154,0,0,0.0,74,1,74,1,1
673,170,0,0,0.0,74,1,74,1,1
674,263,0,0,0.0,74,1,74,1,1
675,587,0,0,0.0,74,1,74,1,1
676,794,56,1,6300.0,132,2,74,1,0
677,794,56,1,7550.0,132,2,74,1,0
678,601,0,0,0.0,74,1,74,1,1
679,488,0,0,0.0,74,1,74,1,1
680,519,0,0,63780419600.0,518,7,518,7,1
681,498,0,0,0.0,74,1,74,1,1
682,721,0,0,31610901600.0,444,6,444,6,1
683,794,56,1,7310.0,132,2,74,1,0
684,794,56,1,7970.0,132,2,74,1,0
685,334,0,0,0.0,74,1,74,1,1
686,607,0,0,0.0,74,1,74,1,1
687,94,116,2,507400.0,370,6,254,4,1
688,406,0,0,0.0,74,1,74,1,1
689,794,56,1,7080.0,132,2,74,1,0
690,794,56,1,6690.0,132,2,74,1,0
691,637,0,0,0.0,74,1,74,1,1
692,464,0,0,0.0,74,1,74,1,1
693,794,56,1,6390.0,132,2,74,1,0
694,129,0,0,1011414100.0,148,2,148,2,1
695,794,56,1,6800.0,132,2,74,1,0
696,794,56,1,6510.0,132,2,74,1,0
697,794,212,3,139885.0,492,2,74,4,0
698,396,0,0,0.0,74,1,74,1,1
699,794,56,1,6350.0,132,2,74,1,0
700,794,56,1,6470.0,132,2,74,1,0
701,557,0,0,0.0,74,1,74,1,1
702,794,56,1,11010.0,132,2,74,1,0
703,794,56,1,6230.0,132,2,74,1,0
704,794,56,1,7440.0,132,2,74,1,0
705,777,0,0,0.0,74,1,74,1,1
706,794,56,1,6190.0,132,2,74,1,0
707,299,0,0,0.0,74,1,74,1,1
708,295,0,0,0.0,74,1,74,1,1
709,436,0,0,0.0,74,1,74,1,1
710,575,0,0,0.0,74,1,74,1,1
711,794,56,1,6410.0,132,2,74,1,0
712,164,0,0,0.0,74,1,74,1,1
713,280,0,0,0.0,74,1,74,1,1
714,794,56,1,6520.0,132,2,74,1,0
715,794,56,1,6520.0,132,2,74,1,0
716,596,0,0,0.0,74,1,74,1,1
717,794,56,1,6770.0,132,2,74,1,0
718,794,56,1,6330.0,132,2,74,1,0
719,794,56,1,6510.0,132,2,74,1,0
720,406,0,0,0.0,74,1,74,1,0
721,359,0,0,0.0,74,1,74,1,1
722,643,0,0,0.0,74,1,74,1,1
723,250,0,0,0.0,74,1,74,1,1
724,794,56,1,11140.0,132,2,74,1,0
725,794,56,1,7070.0,132,2,74,1,0
726,326,0,0,0.0,74,1,74,1,1
727,578,0,0,0.0,74,1,74,1,1
728,570,0,0,0.0,74,1,74,1,1
729,594,0,0,0.0,74,1,74,1,1
730,794,56,1,7410.0,132,2,74,1,0
731,789,0,0,0.0,74,1,74,1,1
732,466,0,0,0.0,74,1,74,1,1
733,783,0,0,0.0,74,1,74,1,1
734,323,0,0,0.0,74,1,74,1,1
735,365,0,0,1022247400.0,148,2,148,2,1
736,648,0,0,0.0,74,1,74,1,1
737,794,56,1,6350.0,132,2,74,1,0
738,794,56,1,13650.0,132,2,74,1,0
739,251,0,0,0.0,74,1,74,1,1
740,113,0,0,0.0,74,1,74,1,1
741,517,0,0,63780419600.0,518,7,518,7,1
742,467,0,0,0.0,74,1,74,1,1
743,794,56,1,6280.0,132,2,74,1,0
744,794,56,1,9450.0,132,2,74,1,0
745,794,56,1,6320.0,132,2,74,1,0
746,444,0,0,0.0,74,1,74,1,1
747,604,0,0,0.0,74,1,74,1,1
748,794,56,1,8480.0,132,2,74,1,0
749,774,0,0,0.0,74,1,74,1,1
750,503,0,0,1026110400.0,148,2,148,2,1
751,94,116,2,507400.0,370,6,254,4,1
752,82,0,0,0.0,74,1,74,1,1
753,794,56,1,9280.0,132,2,74,1,0
754,520,0,0,63780419600.0,518,7,518,7,0
755,794,56,1,6220.0,132,2,74,1,0
756,617,0,0,0.0,74,1,74,1,1
757,264,0,0,0.0,74,1,74,1,1
758,385,0,0,0.0,74,1,74,1,1
759,177,0,0,0.0,74,1,74,1,1
760,794,56,1,13290.0,132,2,74,1,0
761,794,56,1,6530.0,132,2,74,1,0
762,794,56,1,6480.0,132,2,74,1,0
763,301,0,0,0.0,74,1,74,1,1
764,330,0,0,0.0,74,1,74,1,1
765,794,56,1,6420.0,132,2,74,1,0
766,794,56,1,24880.0,132,2,74,1,0
767,563,0,0,0.0,74,1,74,1,1
768,283,0,0,0.0,74,1,74,1,1
769,340,0,0,0.0,74,1,74,1,1
770,794,56,1,6240.0,132,2,74,1,0
771,300,0,0,0.0,74,1,74,1,1
772,794,56,1,6530.0,132,2,74,1,0
773,794,56,1,7110.0,132,2,74,1,0
774,794,56,1,6320.0,132,2,74,1,0
775,794,56,1,8080.0,132,2,74,1,0
776,794,56,1,8020.0,132,2,74,1,0
777,794,56,1,6800.0,132,2,74,1,1
778,794,56,1,6330.0,132,2,74,1,0
779,626,0,0,0.0,74,1,74,1,1
780,794,56,1,6240.0,132,2,74,1,0
781,729,0,0,31610901600.0,444,6,444,6,1
782,794,56,1,6940.0,132,2,74,1,0
783,794,56,1,7980.0,132,2,74,1,0
784,363,0,0,0.0,74,1,74,1,1
785,233,0,0,0.0,74,1,74,1,1
786,356,0,0,0.0,74,1,74,1,1
787,236,0,0,0.0,74,1,74,1,1
788,732,0,0,31610901600.0,444,6,444,6,1
789,794,56,1,6380.0,132,2,74,1,0
790,794,56,1,6290.0,132,2,74,1,0
791,794,56,1,43670.0,132,2,74,1,0
792,160,0,0,0.0,74,1,74,1,0
793,794,56,1,6130.0,132,2,74,1,0
794,72,0,0,0.0,74,1,74,1,1
795,644,0,0,0.0,74,1,74,1,1
796,794,56,1,8460.0,132,2,74,1,0
797,278,0,0,0.0,74,1,74,1,0
798,207,0,0,0.0,74,1,74,1,1
799,209,0,0,0.0,74,1,74,1,1
800,794,56,1,8730.0,132,2,74,1,0
801,508,0,0,0.0,74,1,74,1,1
802,794,56,1,6230.0,132,2,74,1,0
803,776,0,0,0.0,74,1,74,1,1
804,462,0,0,0.0,74,1,74,1,1
805,794,56,1,6350.0,132,2,74,1,0
806,794,56,1,9190.0,132,2,74,1,0
807,592,0,0,0.0,74,1,74,1,1
808,279,0,0,0.0,74,1,74,1,1
809,234,0,0,0.0,74,1,74,1,1
810,271,0,0,0.0,74,1,74,1,1
811,231,0,0,0.0,74,1,74,1,1
812,794,56,1,7130.0,132,2,74,1,0
813,564,0,0,0.0,74,1,74,1,1
814,200,0,0,0.0,74,1,74,1,1
815,371,0,0,0.0,74,1,74,1,1
816,794,56,1,6460.0,132,2,74,1,0
817,719,0,0,31610901600.0,444,6,444,6,1
818,794,56,1,6240.0,132,2,74,1,0
819,640,0,0,0.0,74,1,74,1,1
820,418,0,0,0.0,74,1,74,1,1
821,78,0,0,0.0,74,1,74,1,1
822,417,0,0,0.0,74,1,74,1,1
823,377,0,0,0.0,74,1,74,1,1
824,106,0,0,0.0,74,1,74,1,1
825,91,0,0,0.0,74,1,74,1,1
826,339,0,0,0.0,74,1,74,1,1
827,205,0,0,0.0,74,1,74,1,1
828,794,56,1,6180.0,132,2,74,1,0
829,268,0,0,0.0,74,1,74,1,1
830,261,0,0,0.0,74,1,74,1,1
831,794,56,1,8820.0,132,2,74,1,0
832,272,0,0,0.0,74,1,74,1,1
833,592,0,0,0.0,74,1,74,1,0
834,794,56,1,9160.0,132,2,74,1,0
835,794,56,1,6190.0,132,2,74,1,0
836,794,56,1,6550.0,132,2,74,1,0
837,794,56,1,7370.0,132,2,74,1,0
838,476,0,0,0.0,74,1,74,1,1
839,794,56,1,6420.0,132,2,74,1,0
840,307,0,0,0.0,74,1,74,1,1
841,133,0,0,0.0,74,1,74,1,1
842,794,56,1,8000.0,132,2,74,1,0
843,198,0,0,0.0,74,1,74,1,1
844,794,56,1,6580.0,132,2,74,1,0
845,794,56,1,6530.0,132,2,74,1,0
846,179,0,0,0.0,74,1,74,1,1
847,373,0,0,0.0,74,1,74,1,1
848,794,56,1,8480.0,132,2,74,1,0
849,296,0,0,0.0,74,1,74,1,1
850,794,56,1,8080.0,132,2,74,1,0
851,410,0,0,0.0,74,1,74,1,1
852,283,0,0,0.0,74,1,74,1,1
853,159,0,0,0.0,74,1,74,1,1
854,794,56,1,14860.0,132,2,74,1,0
855,794,56,1,6300.0,132,2,74,1,0
856,75,0,0,0.0,74,1,74,1,1
857,794,56,1,6510.0,132,2,74,1,0
858,794,56,1,8070.0,132,2,74,1,0
859,190,0,0,0.0,74,1,74,1,1
860,794,56,1,6210.0,132,2,74,1,0
861,287,0,0,0.0,74,1,74,1,1
862,794,56,1,10040.0,132,2,74,1,0
863,794,56,1,6680.0,132,2,74,1,0
864,782,0,0,0.0,74,1,74,1,1
865,794,56,1,6260.0,132,2,74,1,0
866,437,0,0,0.0,74,1,74,1,1
867,446,0,0,0.0,74,1,74,1,1
868,70,0,0,0.0,74,1,74,1,1
869,483,0,0,0.0,74,1,74,1,1
870,794,56,1,9220.0,132,2,74,1,0
871,331,0,0,0.0,74,1,74,1,1
872,794,56,1,6420.0,132,2,74,1,0
873,167,0,0,1021578700.0,148,2,148,2,1
874,794,56,1,6290.0,132,2,74,1,0
875,565,0,0,0.0,74,1,74,1,1
876,794,56,1,6350.0,132,2,74,1,0
877,794,56,1,6970.0,132,2,74,1,0
878,650,0,0,0.0,74,1,74,1,1
879,467,0,0,0.0,74,1,74,1,1
880,794,56,1,6490.0,132,2,74,1,0
881,237,0,0,0.0,74,1,74,1,1
882,393,0,0,0.0,74,1,74,1,1
883,401,0,0,0.0,74,1,74,1,1
884,188,0,0,0.0,74,1,74,1,1
885,161,0,0,0.0,74,1,74,1,1
886,239,0,0,0.0,74,1,74,1,1
887,794,56,1,6600.0,132,2,74,1,0
888,156,0,0,0.0,74,1,74,1,1
889,794,56,1,8150.0,132,2,74,1,0
890,794,56,1,7480.0,132,2,74,1,0
891,577,0,0,0.0,74,1,74,1,1
892,191,0,0,0.0,74,1,74,1,1
893,248,0,0,0.0,74,1,74,1,1
894,794,56,1,7850.0,132,2,74,1,0
895,794,56,1,6430.0,132,2,74,1,0
896,165,0,0,0.0,74,1,74,1,1
897,794,56,1,6340.0,132,2,74,1,0
898,304,0,0,0.0,74,1,74,1,1
899,554,0,0,0.0,74,1,74,1,1
900,306,0,0,0.0,74,1,74,1,1
901,671,0,0,0.0,74,1,74,1,1
902,439,0,0,0.0,74,1,74,1,1
903,123,0,0,0.0,74,1,74,1,1
904,727,0,0,64707347900.0,518,7,518,7,1
905,400,0,0,0.0,74,1,74,1,1
906,794,56,1,7750.0,132,2,74,1,0
907,131,0,0,0.0,74,1,74,1,1
908,794,56,1,6289.0,132,2,74,1,0
909,288,0,0,0.0,74,1,74,1,1
910,794,56,1,7490.0,132,2,74,1,0
911,238,0,0,0.0,74,1,74,1,1
912,794,56,1,11450.0,132,2,74,1,0
913,653,0,0,0.0,74,1,74,1,1
914,154,0,0,0.0,74,1,74,1,1
915,404,0,0,0.0,74,1,74,1,1
916,384,0,0,0.0,74,1,74,1,1
917,348,0,0,0.0,74,1,74,1,1
918,794,56,1,6240.0,132,2,74,1,0
919,274,0,0,0.0,74,1,74,1,1
920,413,0,0,0.0,74,1,74,1,0
921,794,56,1,7140.0,132,2,74,1,0
922,794,56,1,11830.0,132,2,74,1,0
923,184,0,0,0.0,74,1,74,1,1
924,163,0,0,0.0,74,1,74,1,1
925,794,56,1,7590.0,132,2,74,1,0
926,85,0,0,0.0,74,1,74,1,1
927,794,56,1,7140.0,132,2,74,1,0
928,556,0,0,0.0,74,1,74,1,1
929,794,56,1,7900.0,132,2,74,1,0
930,794,56,1,7200.0,132,2,74,1,0
931,447,0,0,0.0,74,1,74,1,0
932,794,56,1,6300.0,132,2,74,1,0
933,91,0,0,0.0,74,1,74,1,1
934,139,0,0,0.0,74,1,74,1,1
935,202,0,0,0.0,74,1,74,1,1
936,382,0,0,0.0,74,1,74,1,1
937,794,56,1,6380.0,132,2,74,1,0
938,471,0,0,0.0,74,1,74,1,1
939,215,0,0,0.0,74,1,74,1,1
940,794,56,1,6420.0,132,2,74,1,0
941,794,56,1,6480.0,132,2,74,1,0
942,205,0,0,0.0,74,1,74,1,1
943,794,56,1,146100.0,132,2,74,1,0
944,433,0,0,0.0,74,1,74,1,1
945,94,116,2,507400.0,370,6,254,4,0
946,794,56,1,7000.0,132,2,74,1,0
947,794,56,1,6310.0,132,2,74,1,0
948,208,0,0,0.0,74,1,74,1,1
949,794,56,1,6440.0,132,2,74,1,0
950,482,0,0,0.0,74,1,74,1,1
951,325,0,0,0.0,74,1,74,1,1
952,794,56,1,6279.0,132,2,74,1,0
953,794,56,1,6800.0,132,2,74,1,0
954,100,0,0,0.0,74,1,74,1,1
955,794,56,1,8990.0,132,2,74,1,0
956,794,56,1,11840.0,132,2,74,1,0
957,465,0,0,0.0,74,1,74,1,1
958,794,56,1,7130.0,132,2,74,1,0
959,160,0,0,0.0,74,1,74,1,0
960,575,0,0,0.0,74,1,74,1,1
961,791,0,0,0.0,74,1,74,1,1
962,794,56,1,7010.0,132,2,74,1,0
963,93,0,0,0.0,74,1,74,1,1
964,794,56,1,8090.0,132,2,74,1,0
965,447,0,0,0.0,74,1,74,1,1
966,794,56,1,8320.0,132,2,74,1,0
967,717,0,0,64707347900.0,518,7,518,7,1
968,124,0,0,0.0,74,1,74,1,1
969,794,56,1,6400.0,132,2,74,1,0
970,178,0,0,0.0,74,1,74,1,1
971,794,56,1,6240.0,132,2,74,1,0
972,187,0,0,0.0,74,1,74,1,1
973,667,0,0,0.0,74,1,74,1,1
974,561,0,0,0.0,74,1,74,1,1
975,652,0,0,0.0,74,1,74,1,1
976,794,56,1,6230.0,132,2,74,1,0
977,171,0,0,0.0,74,1,74,1,1
978,510,0,0,0.0,74,1,74,1,1
979,222,0,0,0.0,74,1,74,1,1
980,794,56,1,7250.0,132,2,74,1,0
981,166,0,0,1021578700.0,148,2,148,2,1
982,794,56,1,6600.0,132,2,74,1,0
983,794,56,1,6290.0,132,2,74,1,0
984,288,0,0,0.0,74,1,74,1,1
985,777,0,0,0.0,74,1,74,1,1
986,794,56,1,7330.0,132,2,74,1,0
987,794,56,1,6340.0,132,2,74,1,1
988,486,0,0,0.0,74,1,74,1,1
989,778,0,0,0.0,74,1,74,1,1
990,794,56,1,7930.0,132,2,74,1,0
991,794,56,1,6180.0,132,2,74,1,0
992,794,56,1,7160.0,132,2,74,1,0
993,794,56,1,124652.0,132,2,74,1,0
994,794,56,1,8740.0,132,2,74,1,0
995,794,56,1,6210.0,132,2,74,1,0
996,585,0,0,0.0,74,1,74,1,1
997,725,0,0,64707347900.0,518,7,518,7,1
998,794,56,1,6320.0,132,2,74,1,0
999,664,0,0,1026257300.0,148,2,148,2,1
1000,69,0,0,0.0,74,1,74,1,1
1001,794,56,1,6360.0,132,2,74,1,0
1002,447,0,0,0.0,74,1,74,1,0
1003,657,0,0,1026257300.0,148,2,148,2,1
1004,794,56,1,6130.0,132,2,74,1,0
1005,794,56,1,7240.0,132,2,74,1,0
1006,362,0,0,0.0,74,1,74,1,1
1007,194,0,0,0.0,74,1,74,1,1
1008,355,0,0,0.0,74,1,74,1,1
1009,380,0,0,0.0,74,1,74,1,1
1010,302,0,0,0.0,74,1,74,1,1
1011,794,56,1,7630.0,132,2,74,1,0
1012,794,56,1,6770.0,132,2,74,1,0
1013,794,56,1,6850.0,132,2,74,1,0
1014,794,56,1,7400.0,132,2,74,1,0
1015,423,0,0,0.0,74,1,74,1,1
1016,649,0,0,0.0,74,1,74,1,1
1017,185,0,0,0.0,74,1,74,1,1
1018,794,56,1,6360.0,132,2,74,1,0
1019,794,56,1,7890.0,132,2,74,1,0
1020,509,0,0,0.0,74,1,74,1,0
1021,622,0,0,0.0,74,1,74,1,1
1022,794,56,1,6800.0,132,2,74,1,0
1023,391,0,0,0.0,74,1,74,1,1
1024,504,0,0,1026110400.0,148,2,148,2,1
1025,794,56,1,6590.0,132,2,74,1,0
1026,794,56,1,7890.0,132,2,74,1,0
1027,794,56,1,6930.0,132,2,74,1,0
1028,437,0,0,0.0,74,1,74,1,1
1029,794,56,1,8700.0,132,2,74,1,0
1030,257,0,0,0.0,74,1,74,1,1
1031,794,56,1,899719.0,132,2,74,1,0
1032,794,56,1,7810.0,132,2,74,1,0
1033,193,0,0,0.0,74,1,74,1,1
1034,794,56,1,7130.0,132,2,74,1,0
1035,280,0,0,0.0,74,1,74,1,1
1036,307,0,0,0.0,74,1,74,1,1
1037,478,0,0,0.0,74,1,74,1,0
1038,794,56,1,6220.0,132,2,74,1,0
1039,392,0,0,0.0,74,1,74,1,1
1040,258,0,0,0.0,74,1,74,1,1
1041,243,0,0,0.0,74,1,74,1,1
1042,421,0,0,0.0,74,1,74,1,1
1043,584,0,0,0.0,74,1,74,1,1
1044,794,56,1,7490.0,132,2,74,1,0
1045,794,56,1,6190.0,132,2,74,1,0
1046,315,0,0,0.0,74,1,74,1,1
1047,411,0,0,0.0,74,1,74,1,1
1048,284,0,0,0.0,74,1,74,1,1
1049,788,0,0,0.0,74,1,74,1,1
1050,68,0,0,1025934400.0,148,2,148,2,1
1051,794,56,1,6330.0,132,2,74,1,0
1052,792,0,0,0.0,74,1,74,1,1
1053,794,56,1,7200.0,132,2,74,1,0
1054,794,56,1,6880.0,132,2,74,1,0
1055,252,0,0,0.0,74,1,74,1,1
1056,794,56,1,9210.0,132,2,74,1,0
1057,131,0,0,0.0,74,1,74,1,1
1058,558,0,0,0.0,74,1,74,1,1
1059,501,0,0,0.0,74,1,74,1,1
1060,794,56,1,7060.0,132,2,74,1,0
1061,448,0,0,0.0,74,1,74,1,1
1062,458,0,0,0.0,74,1,74,1,1
1063,473,0,0,0.0,74,1,74,1,1
1064,602,0,0,0.0,74,1,74,1,1
1065,227,0,0,0.0,74,1,74,1,1
1066,352,0,0,0.0,74,1,74,1,1
1067,794,56,1,6660.0,132,2,74,1,0
1068,159,0,0,0.0,74,1,74,1,1
1069,605,0,0,0.0,74,1,74,1,1
1070,794,56,1,7300.0,132,2,74,1,0
1071,119,0,0,0.0,74,1,74,1,1
1072,414,0,0,0.0,74,1,74,1,1
1073,182,0,0,0.0,74,1,74,1,1
1074,440,0,0,0.0,74,1,74,1,1
1075,254,0,0,0.0,74,1,74,1,1
1076,312,0,0,0.0,74,1,74,1,1
1077,794,56,1,6630.0,132,2,74,1,0
1078,450,0,0,0.0,74,1,74,1,0
1079,135,0,0,0.0,74,1,74,1,1
1080,225,0,0,0.0,74,1,74,1,1
1081,359,0,0,0.0,74,1,74,1,1
1082,235,0,0,0.0,74,1,74,1,1
1083,138,0,0,0.0,74,1,74,1,0
1084,389,0,0,0.0,74,1,74,1,1
1085,265,0,0,0.0,74,1,74,1,1
1086,568,0,0,0.0,74,1,74,1,1
1087,94,116,2,507400.0,370,6,254,4,0
1088,73,0,0,0.0,74,1,74,1,1
1089,794,56,1,6940.0,132,2,74,1,0
1090,403,0,0,0.0,74,1,74,1,1
1091,794,56,1,104100.0,132,2,74,1,0
1092,794,56,1,8220.0,132,2,74,1,0
1093,656,0,0,0.0,74,1,74,1,1
1094,794,56,1,8020.0,132,2,74,1,0
1095,794,56,1,6770.0,132,2,74,1,0
1096,718,0,0,15330620200.0,370,5,370,5,1
1097,794,56,1,7710.0,132,2,74,1,0
1098,281,0,0,0.0,74,1,74,1,1
1099,90,0,0,0.0,74,1,74,1,1
1100,794,56,1,11480.0,132,2,74,1,0
1101,794,56,1,6180.0,132,2,74,1,0
1102,794,56,1,9330.0,132,2,74,1,0
1103,794,56,1,6380.0,132,2,74,1,0
1104,463,0,0,0.0,74,1,74,1,1
1105,781,0,0,0.0,74,1,74,1,1
1106,599,0,0,0.0,74,1,74,1,1
1107,794,56,1,6710.0,132,2,74,1,0
1108,337,0,0,0.0,74,1,74,1,1
1109,672,0,0,0.0,74,1,74,1,1
1110,332,0,0,0.0,74,1,74,1,1
1111,794,56,1,8610.0,132,2,74,1,0
1112,78,0,0,0.0,74,1,74,1,0
1113,298,0,0,0.0,74,1,74,1,1
1114,794,56,1,6210.0,132,2,74,1,0
1115,230,0,0,0.0,74,1,74,1,1
1116,662,0,0,1026257300.0,148,2,148,2,1
1117,373,0,0,0.0,74,1,74,1,1
1118,511,0,0,0.0,74,1,74,1,1
1119,794,56,1,6320.0,132,2,74,1,0
1120,794,56,1,6490.0,132,2,74,1,0
1121,794,56,1,7530.0,132,2,74,1,0
1122,586,0,0,0.0,74,1,74,1,1
1123,665,0,0,0.0,74,1,74,1,1
1124,794,56,1,6340.0,132,2,74,1,0
1125,794,56,1,6180.0,132,2,74,1,0
1126,794,56,1,6310.0,132,2,74,1,0
1127,459,0,0,0.0,74,1,74,1,1
1128,500,0,0,0.0,74,1,74,1,1
1129,794,56,1,6170.0,132,2,74,1,0
1130,794,56,1,7020.0,132,2,74,1,0
1131,429,0,0,1025743500.0,148,2,148,2,0
1132,100,0,0,0.0,74,1,74,1,1
1133,794,56,1,8220.0,132,2,74,1,0
1134,338,0,0,0.0,74,1,74,1,1
1135,94,116,2,507400.0,370,6,254,4,0
1136,440,0,0,0.0,74,1,74,1,0
1137,723,0,0,15330620200.0,370,5,370,5,1
1138,794,56,1,6200.0,132,2,74,1,0
1139,138,0,0,0.0,74,1,74,1,1
1140,397,0,0,0.0,74,1,74,1,1
1141,443,0,0,0.0,74,1,74,1,1
1142,255,0,0,0.0,74,1,74,1,1
1143,173,0,0,0.0,74,1,74,1,1
1144,787,0,0,0.0,74,1,74,1,1
1145,121,0,0,0.0,74,1,74,1,1
1146,647,0,0,0.0,74,1,74,1,1
1147,785,0,0,0.0,74,1,74,1,1
1148,794,56,1,6370.0,132,2,74,1,0
1149,397,0,0,0.0,74,1,74,1,1
1150,611,0,0,0.0,74,1,74,1,1
1151,450,0,0,0.0,74,1,74,1,1
1152,794,56,1,9180.0,132,2,74,1,0
1153,794,56,1,8300.0,132,2,74,1,0
1154,606,0,0,0.0,74,1,74,1,1
1155,468,0,0,0.0,74,1,74,1,1
1156,794,56,1,6360.0,132,2,74,1,0
1157,383,0,0,0.0,74,1,74,1,1
1158,379,0,0,0.0,74,1,74,1,1
1159,794,56,1,6270.0,132,2,74,1,0
1160,621,0,0,0.0,74,1,74,1,1
1161,228,0,0,0.0,74,1,74,1,1
1162,794,56,1,6490.0,132,2,74,1,0
1163,593,0,0,0.0,74,1,74,1,1
1164,510,0,0,0.0,74,1,74,1,1
1165,94,116,2,507400.0,370,6,254,4,0
1166,516,0,0,63780419600.0,518,7,518,7,1
1167,430,0,0,1025743500.0,148,2,148,2,1
1168,480,0,0,0.0,74,1,74,1,1
1169,779,0,0,0.0,74,1,74,1,1
1170,249,0,0,0.0,74,1,74,1,1
1171,794,56,1,10500.0,132,2,74,1,0
1172,794,56,1,6400.0,132,2,74,1,0
1173,143,0,0,0.0,74,1,74,1,1
1174,794,56,1,7200.0,132,2,74,1,0
1175,794,56,1,8240.0,132,2,74,1,0
1176,66,0,0,0.0,74,1,74,1,1
1177,487,0,0,0.0,74,1,74,1,1
1178,422,0,0,0.0,74,1,74,1,1
1179,152,0,0,0.0,74,1,74,1,1
1180,573,0,0,0.0,74,1,74,1,1
1181,333,0,0,0.0,74,1,74,1,1
1182,794,56,1,6140.0,132,2,74,1,0
1183,794,56,1,6350.0,132,2,74,1,0
1184,471,0,0,0.0,74,1,74,1,1
1185,455,0,0,0.0,74,1,74,1,1
1186,562,0,0,0.0,74,1,74,1,1
1187,794,56,1,6330.0,132,2,74,1,0
1188,794,56,1,6280.0,132,2,74,1,0
1189,212,0,0,0.0,74,1,74,1,1
1190,794,56,1,6340.0,132,2,74,1,0
1191,411,0,0,0.0,74,1,74,1,1
1192,794,56,1,6330.0,132,2,74,1,0
1193,794,56,1,6570.0,132,2,74,1,0
1194,794,56,1,8220.0,132,2,74,1,0
1195,794,56,1,7200.0,132,2,74,1,0
1196,794,56,1,6510.0,132,2,74,1,0
1197,110,0,0,0.0,74,1,74,1,1
1198,794,56,1,6350.0,132,2,74,1,0
1199,794,56,1,7740.0,132,2,74,1,0
1200,201,0,0,0.0,74,1,74,1,1
1201,794,56,1,13480.0,132,2,74,1,0
1202,620,0,0,0.0,74,1,74,1,1
1203,581,0,0,0.0,74,1,74,1,1
1204,791,0,0,0.0,74,1,74,1,0
1205,349,0,0,0.0,74,1,74,1,1
1206,293,0,0,0.0,74,1,74,1,1
1207,415,0,0,0.0,74,1,74,1,1
1208,426,0,0,0.0,74,1,74,1,1
1209,794,56,1,6640.0,132,2,74,1,0
1210,794,56,1,21780.0,132,2,74,1,0
1211,308,0,0,0.0,74,1,74,1,1
1212,387,0,0,0.0,74,1,74,1,1
1213,571,0,0,0.0,74,1,74,1,1
1214,141,0,0,0.0,74,1,74,1,1
1215,794,56,1,6310.0,132,2,74,1,0
1216,485,0,0,0.0,74,1,74,1,1
1217,398,0,0,0.0,74,1,74,1,1
1218,405,0,0,0.0,74,1,74,1,1
1219,385,0,0,0.0,74,1,74,1,1
1220,245,0,0,0.0,74,1,74,1,1
1221,585,0,0,0.0,74,1,74,1,1
1222,794,56,1,6520.0,132,2,74,1,1
1223,794,56,1,8200.0,132,2,74,1,0
1224,794,56,1,6280.0,132,2,74,1,1
1225,794,56,1,6340.0,132,2,74,1,1
1226,794,56,1,6330.0,132,2,74,1,1
1227,794,56,1,6570.0,132,2,74,1,1
1228,794,56,1,8220.0,132,2,74,1,1
1229,794,56,1,7200.0,132,2,74,1,1
1230,794,56,1,6510.0,132,2,74,1,1
1231,794,56,1,6350.0,132,2,74,1,1
1232,794,56,1,7740.0,132,2,74,1,1
1233,794,56,1,13480.0,132,2,74,1,1
1234,791,0,0,0.0,74,1,74,1,1
1235,794,56,1,6640.0,132,2,74,1,1
1236,794,56,1,21780.0,132,2,74,1,1
1237,794,56,1,6310.0,132,2,74,1,0
1238,794,56,1,8200.0,132,2,74,1,0
1239,794,56,1,8220.0,132,2,74,1,0
1240,794,56,1,7200.0,132,2,74,1,0
1241,794,56,1,6510.0,132,2,74,1,0
1242,794,56,1,6350.0,132,2,74,1,0
1243,794,56,1,7740.0,132,2,74,1,0
1244,794,56,1,13480.0,132,2,74,1,0
1245,791,0,0,0.0,74,1,74,1,0
1246,794,56,1,6640.0,132,2,74,1,0
1247,794,56,1,21780.0,132,2,74,1,0
1248,794,56,1,6310.0,132,2,74,1,0
1249,794,56,1,8200.0,132,2,74,1,0
1250,794,56,1,6280.0,132,2,74,1,1
1251,794,56,1,6340.0,132,2,74,1,1
1252,794,56,1,6330.0,132,2,74,1,1
1253,794,56,1,6570.0,132,2,74,1,1
1254,794,56,1,8220.0,132,2,74,1,1
1255,794,56,1,7200.0,132,2,74,1,1
1256,794,56,1,6510.0,132,2,74,1,1
1257,794,56,1,6350.0,132,2,74,1,1
1258,794,56,1,7740.0,132,2,74,1,1
1259,794,56,1,13480.0,132,2,74,1,1
1260,791,0,0,0.0,74,1,74,1,1
1261,794,56,1,6640.0,132,2,74,1,1
1262,794,56,1,21780.0,132,2,74,1,1
